id_tiempo,hora,mes,anio,id_edificio,id_ambiente,ocupacion,temperatura,demanda_pico_kw,factor_potencia,consumo_kwh
1,17,1,2026,2,101,54,22.1,33.02,0.924,300.17
2,7,1,2026,1,105,46,25.05,47.9,0.936,372.24
3,15,1,2026,7,114,38,25.11,58.32,0.861,560
4,10,1,2026,6,106,63,25.48,42.26,0.941,466.48
5,18,1,2026,8,134,90,29.14,57.39,0.926,560
6,10,1,2026,12,104,41,26.42,32.75,0.906,381.99
7,8,1,2026,7,117,15,25.99,47.2,0.942,437.83
8,8,1,2026,10,140,23,26.66,52.34,0.93,462.05
9,17,1,2026,12,135,58,26.96,62.65,0.897,560
10,8,1,2026,4,158,34,30.09,33.75,0.887,290.14
11,21,1,2026,11,129,62,25.64,68,0.86,560
12,12,1,2026,4,108,67,23.04,29.62,0.928,309.49
13,19,1,2026,11,127,37,22.67,31.19,0.885,328.3
14,17,1,2026,12,107,37,22.8,31.33,0.904,418.49
15,13,1,2026,3,129,90,24.45,68,0.805,560
16,17,1,2026,5,153,54,21.71,48.19,0.949,560
17,19,1,2026,9,158,74,24.36,54.65,0.921,523.93
18,7,1,2026,4,156,38,23.24,22.9,0.902,114.23
19,15,1,2026,3,108,26,18.22,18.5,0.952,219.9
20,19,1,2026,12,144,43,25.13,34.56,0.968,328.82
21,15,1,2026,8,107,55,25.44,45.62,0.917,490.17
22,7,1,2026,4,104,56,29.28,28.23,0.937,204.14
23,10,1,2026,9,108,47,18.23,21.7,0.896,256.16
24,17,1,2026,7,122,60,21.37,38.77,0.902,361.22
25,8,1,2026,1,125,49,19.01,37.43,0.927,300.01
26,14,1,2026,4,155,65,27.23,54.89,0.943,560
27,15,1,2026,1,105,93,21.75,58.42,0.95,560
28,13,1,2026,1,124,59,23.85,33.77,0.87,307.83
29,19,1,2026,9,142,52,22.64,34.42,0.99,355.3
30,7,1,2026,1,137,45,18,25.3,0.897,169.0
31,20,1,2026,3,104,27,21.82,19.5,0.93,132.58
32,16,1,2026,2,126,84,22.22,58.25,0.897,560
33,12,1,2026,4,116,28,27.08,23.59,0.943,296.76
34,16,1,2026,2,104,65,20.89,25.08,0.935,243.85
35,10,1,2026,6,118,77,29.1,47.59,0.857,558.58
36,20,1,2026,9,119,52,25.63,39.97,0.933,285.22
37,18,1,2026,9,109,50,28.4,42.69,0.884,462.73
38,21,1,2026,1,105,80,20.6,43.87,0.945,358.64
39,11,1,2026,3,147,22,26.03,41.58,0.903,560
40,7,1,2026,6,137,43,21.34,29.74,0.947,229.97
41,20,1,2026,1,157,34,27.89,29.93,0.878,264.86
42,18,1,2026,3,159,12,29.78,42.03,0.982,560
43,7,1,2026,3,147,89,21.96,60.46,0.941,520.79
44,18,1,2026,2,124,67,28.47,27.44,0.923,317.62
45,11,1,2026,4,114,69,24.64,58.88,0.98,560
46,13,1,2026,11,153,85,18,64.82,0.989,560
47,11,1,2026,1,106,38,22.77,28.26,0.868,363.69
48,10,1,2026,5,102,86,24.31,68,0.954,560
49,18,1,2026,12,142,62,27.36,56.41,0.882,549.27
50,21,1,2026,5,132,45,23.23,29.52,0.883,188.66
51,13,1,2026,11,160,28,27.78,53.68,0.956,560
52,10,1,2026,7,150,38,20.52,37.16,0.868,559.65
53,14,1,2026,12,110,45,22.29,47.79,0.862,560
54,11,1,2026,4,151,50,24.56,35.86,0.911,444.93
55,8,1,2026,8,126,76,21.77,64.99,0.871,560
56,21,1,2026,2,149,81,22.69,41.16,0.957,261.41
57,10,1,2026,2,129,71,26.84,59.78,0.9,560
58,20,1,2026,12,157,31,18.7,29.42,0.829,222.03
59,14,1,2026,8,116,55,18.61,24.61,0.978,279.48
60,18,1,2026,5,115,78,23.99,61.57,0.889,560
61,18,1,2026,3,145,60,27.38,51.97,0.949,560
62,19,1,2026,10,160,36,22.37,37.77,0.914,515.6
63,12,1,2026,5,148,19,28.38,27.0,0.867,310.76
64,14,1,2026,4,117,10,23.68,35.8,0.879,560
65,9,1,2026,8,158,76,27.36,52.52,0.917,560
66,9,1,2026,8,111,60,27.13,68,0.918,560
67,13,1,2026,5,148,76,23.4,34.92,0.871,395.36
68,10,1,2026,11,104,72,25.2,31.34,0.913,323.96
69,7,1,2026,10,109,56,27.74,52.31,0.974,352.37
70,16,1,2026,10,147,76,23.32,64.09,0.928,560
71,21,1,2026,5,136,30,18,12.89,0.948,100.55
72,8,1,2026,12,149,26,22.9,38.63,0.934,243.94
73,7,1,2026,6,134,35,25.61,29.91,0.909,244.02
74,12,1,2026,11,157,45,26.58,35.92,0.85,505.82
75,11,1,2026,10,151,88,21.84,40.17,0.926,505.49
76,21,1,2026,2,117,69,26.0,60.47,0.856,528.83
77,7,1,2026,8,154,43,27.44,37.53,0.934,249.72
78,15,1,2026,1,133,29,25.55,27.28,0.901,269.89
79,18,1,2026,8,141,49,21.17,56.34,0.914,560
80,12,1,2026,8,135,87,21.25,59.85,0.909,560
81,11,1,2026,5,116,59,29.11,31.17,0.97,343.55
82,18,1,2026,8,117,41,23.04,41.92,0.878,560
83,10,1,2026,5,114,43,26.3,54.9,0.89,560
84,9,1,2026,11,155,61,24.37,56.85,0.943,560
85,12,2,2026,3,103,54,30.57,43.06,0.92,493.36
86,9,2,2026,3,151,39,22.25,27.28,0.93,354.34
87,16,2,2026,10,150,27,21.09,33.52,0.97,493.12
88,16,2,2026,10,103,42,20.8,29.27,0.936,366.32
89,17,2,2026,2,110,56,28.4,55.35,0.944,560
90,11,2,2026,12,118,56,23.65,37.88,0.875,478.58
91,17,2,2026,10,142,59,22.73,42.46,0.929,463.02
92,7,2,2026,3,150,67,22.84,56.28,0.88,436.77
93,18,2,2026,5,144,40,25.98,22.81,0.899,287.62
94,16,2,2026,5,101,32,31.05,43.46,0.937,436.65
95,19,2,2026,11,152,54,25.46,33.5,0.865,357.68
96,16,2,2026,7,140,47,27.71,44.36,0.87,560
97,8,2,2026,3,121,33,26.46,29.43,0.875,245.24
98,11,2,2026,6,107,57,27.61,41.17,0.791,513.94
99,15,2,2026,8,126,80,25.82,68,0.877,560
100,9,2,2026,5,128,60,27.14,29.2,0.965,352.08
101,18,2,2026,3,119,28,23.41,37.19,0.979,347.44
102,20,2,2026,3,131,57,26.88,37.36,0.899,257.49
103,14,2,2026,4,129,34,23.67,50.02,0.888,560
104,19,2,2026,7,121,41,27.88,36.63,0.924,414.52
105,16,2,2026,10,142,42,24.72,34.18,0.901,398.73
106,12,2,2026,4,144,48,24.81,31.01,0.935,305.24
107,14,2,2026,12,158,63,21.86,38.26,0.846,514.04
108,15,2,2026,10,121,55,28.78,39.91,0.865,499.91
109,18,2,2026,3,126,95,18.85,68,0.942,560
110,8,2,2026,6,154,39,22.91,27.33,0.964,223.89
111,14,2,2026,9,102,43,23.13,53.68,0.88,560
112,19,2,2026,11,145,87,26.87,68,0.88,560
113,19,2,2026,1,118,40,27.08,32.74,0.951,362.67
114,16,2,2026,7,139,67,23.17,36.36,0.885,412.83
115,14,2,2026,5,142,94,24.93,53.43,0.875,560
116,16,2,2026,5,140,62,29.07,58.14,0.877,560
117,20,2,2026,8,106,57,28.5,33.33,0.853,333.21
118,11,2,2026,1,136,50,28.05,23.23,0.99,281.61
119,20,2,2026,5,149,64,20.7,32.07,0.956,232.73
120,17,2,2026,11,153,23,25.49,54.2,0.902,560
121,7,2,2026,10,123,53,23.31,59.03,0.974,560
122,12,2,2026,9,132,75,29.44,36.18,0.907,472.67
123,19,2,2026,5,147,82,20.67,61.21,0.913,560
124,17,2,2026,7,154,87,25.57,45.29,0.912,495.67
125,14,2,2026,6,143,54,22.27,31.03,0.949,407.55
126,16,2,2026,9,120,32,26.43,47.21,0.979,560
127,11,2,2026,11,126,59,25.22,68,0.941,560
128,13,2,2026,8,123,82,22.24,63.37,0.949,560
129,9,2,2026,7,141,75,26.63,64.13,0.964,560
130,10,2,2026,6,106,72,27.46,45.5,0.957,540.08
131,11,2,2026,4,107,93,22.84,47.49,0.925,543.66
132,12,2,2026,4,108,53,25.07,25.77,0.934,281.67
133,20,2,2026,4,121,60,19.38,29.46,0.892,252.58
134,19,2,2026,3,107,52,24.24,33.65,0.98,372.52
135,12,2,2026,1,111,53,26.16,52.86,0.919,560
136,16,2,2026,2,128,61,18,22.61,0.977,222.73
137,15,2,2026,5,129,51,24.01,62.77,0.909,560
138,14,2,2026,2,157,76,28.2,47.36,0.939,548.98
139,15,2,2026,12,120,33,27.36,52.32,0.956,560
140,17,2,2026,11,156,44,25.18,24.55,0.92,326.58
141,12,2,2026,8,125,46,25.28,45.85,0.936,560
142,8,2,2026,2,153,95,27.35,68,0.909,560
143,7,2,2026,10,135,24,22.92,34.59,0.953,320.27
144,7,2,2026,5,138,77,24.07,68,0.887,560
145,20,2,2026,2,122,66,22.23,35.75,0.858,285.84
146,20,2,2026,10,139,5,22.87,20.81,0.865,191.15
147,7,2,2026,3,117,49,22.14,48.24,0.914,425.95
148,9,2,2026,12,140,45,25.9,55.71,0.872,560
149,9,2,2026,6,119,48,19.49,28.95,0.903,395.99
150,17,2,2026,2,117,80,21.65,61.33,0.878,560
151,15,2,2026,2,122,38,25.65,29.25,0.868,357.44
152,16,2,2026,1,100,61,26.65,60.54,0.917,560
153,8,2,2026,1,131,54,22.74,27.18,0.953,233.2
154,8,2,2026,7,155,20,24.45,34.72,0.894,350.41
155,13,2,2026,10,125,49,21.59,49.57,0.915,560
156,20,2,2026,12,158,26,22.53,35.73,0.944,298.06
157,8,2,2026,7,155,47,27.14,52.01,0.931,485.35
158,21,2,2026,6,122,72,23.82,34.64,0.922,267.12
159,10,2,2026,3,138,76,28.75,68,0.955,560
160,16,2,2026,8,143,61,28.04,42.76,0.873,465.04
161,17,2,2026,6,109,32,25.85,28.16,0.858,354.03
162,14,2,2026,8,102,61,29.91,68,0.981,560
163,16,2,2026,10,132,33,27.23,35.92,0.891,367.02
164,10,2,2026,6,138,39,22.91,49.52,0.927,560
165,12,2,2026,12,105,41,24.55,52.56,0.953,560
166,12,2,2026,5,124,53,22.32,28.64,0.852,286.33
167,8,2,2026,6,106,34,23.55,30.93,0.988,234.4
168,8,2,2026,10,142,47,26.36,43.84,0.971,323.8
169,16,3,2026,12,160,79,26.65,67.76,0.882,560
170,17,3,2026,9,105,5,22.79,29.69,0.885,497.49
171,10,3,2026,6,160,56,22.75,51.33,0.91,560
172,15,3,2026,12,156,29,20.34,23.12,0.95,254.92
173,9,3,2026,3,111,73,20.21,56.47,0.888,560
174,10,3,2026,8,139,72,23.61,49.82,0.863,560
175,19,3,2026,8,157,65,22.23,50.76,0.872,503.19
176,15,3,2026,7,110,76,26.9,57.25,0.93,560
177,20,3,2026,6,135,86,22.8,58.38,0.908,521.99
178,15,3,2026,3,153,75,18,56.4,0.918,560
179,7,3,2026,7,103,38,26.46,34.9,0.921,284.88
180,18,3,2026,11,121,64,25.12,43.05,0.893,553.92
181,9,3,2026,12,130,52,24.8,59.72,0.925,560
182,15,3,2026,7,107,44,25.06,33.38,0.931,423.34
183,16,3,2026,8,104,91,28.88,41.87,0.906,418.22
184,13,3,2026,1,139,67,22.35,39.1,0.933,476.95
185,12,3,2026,2,133,17,23.26,21.93,0.91,332.37
186,12,3,2026,5,147,60,29.96,68,0.874,560
187,19,3,2026,10,147,55,23.1,59.21,0.939,560
188,18,3,2026,8,140,25,25.37,45.3,0.89,560
189,10,3,2026,1,150,57,25.53,52.52,0.89,560
190,19,3,2026,11,112,50,23.36,38.41,0.966,371.66
191,19,3,2026,6,127,82,21.53,45.37,0.886,449.13
192,21,3,2026,9,117,55,26.23,59.37,0.958,560
193,15,3,2026,5,120,70,26.31,57.28,0.952,560
194,14,3,2026,1,146,75,26.62,39.16,0.942,490.34
195,7,3,2026,2,142,41,22.53,30.57,0.853,247.27
196,19,3,2026,8,102,78,26.24,68,0.887,560
197,7,3,2026,10,109,31,18.1,22.68,0.959,197.16
198,17,3,2026,5,115,50,25.37,49.32,0.929,560
199,8,3,2026,5,149,53,27.96,43.67,0.909,313.56
200,20,3,2026,2,128,55,26.92,34.77,0.983,212.59
201,12,3,2026,11,122,48,21.03,35.33,0.943,480.33
202,9,3,2026,6,132,21,26.1,35.0,0.918,336.58
203,12,3,2026,9,136,28,28.67,23.94,0.892,315.81
204,18,3,2026,8,133,100,22.09,51.68,0.892,539.43
205,8,3,2026,8,129,46,22.2,58.5,0.862,560
206,13,3,2026,9,158,100,28.53,51.82,0.876,560
207,21,3,2026,12,114,25,30.58,68,0.863,560
208,9,3,2026,11,119,34,23.7,34.02,0.876,465.21
209,9,3,2026,11,139,49,20.68,38.9,0.867,514.11
210,17,3,2026,10,116,56,21.72,24.38,0.861,311.73
211,17,3,2026,9,118,43,22.72,35.27,0.983,388.35
212,9,3,2026,8,126,64,22.68,62.38,0.883,560
213,18,3,2026,6,125,69,26.81,56.71,0.897,560
214,8,3,2026,1,118,71,30.34,42.17,0.821,348.02
215,20,3,2026,6,159,38,23.48,50.09,0.863,478.4
216,7,3,2026,2,160,55,22.1,46.1,0.913,418.78
217,11,3,2026,8,138,78,21.75,61.73,0.919,560
218,18,3,2026,6,148,74,23.95,33.97,0.959,342.32
219,11,3,2026,2,124,17,24.56,16.63,0.99,271.47
220,13,3,2026,6,150,95,28.52,68,0.895,560
221,13,3,2026,9,102,66,25.16,66.18,0.949,560
222,12,3,2026,10,120,38,29.49,66.96,0.908,560
223,20,3,2026,9,134,26,24.95,32.0,0.911,292.98
224,11,3,2026,12,155,69,24.44,62.05,0.807,560
225,19,3,2026,10,136,56,25.66,28.48,0.916,337.44
226,20,3,2026,11,115,33,31.86,61.16,0.916,560
227,9,3,2026,7,144,62,28.09,31.38,0.881,386.03
228,15,3,2026,4,135,20,22.69,38.41,0.876,499.54
229,21,3,2026,9,121,23,23.41,34.26,0.865,271.34
230,10,3,2026,5,135,80,22.56,65.81,0.978,560
231,18,3,2026,12,131,46,27.24,49.76,0.881,560
232,13,3,2026,7,152,77,21.79,38.4,0.917,399.92
233,8,3,2026,6,159,39,25.52,50.95,0.914,549.27
234,9,3,2026,2,139,41,24.57,27.96,0.99,397.54
235,10,3,2026,1,106,25,27.17,34.03,0.951,483.38
236,13,3,2026,11,159,39,27.19,59.57,0.871,560
237,11,3,2026,11,103,62,23.99,38.93,0.888,560
238,9,3,2026,7,156,36,28.36,21.44,0.984,335.77
239,9,3,2026,12,155,95,21.95,68,0.913,560
240,17,3,2026,9,133,53,18,33.0,0.937,364.98
241,8,3,2026,6,110,51,20.39,43.49,0.903,384.47
242,10,3,2026,3,139,86,28.66,42.1,0.932,531.5
243,17,3,2026,2,111,79,24.31,64.38,0.908,560
244,12,3,2026,5,137,60,24.62,38.09,0.875,462.13
245,8,3,2026,8,119,72,28.55,56.18,0.871,388.51
246,11,3,2026,6,139,25,26.07,41.16,0.866,494.06
247,12,3,2026,7,144,31,23.67,18.53,0.896,279.88
248,20,3,2026,2,133,91,20.28,42.24,0.955,303.38
249,15,3,2026,9,112,43,23.95,26.09,0.953,307.0
250,8,3,2026,9,128,82,25.89,34.46,0.866,251.4
251,14,3,2026,11,151,53,25.29,42.25,0.913,560
252,18,3,2026,2,134,65,31.7,45.13,0.99,518.46
253,13,4,2026,3,149,75,27.84,43.48,0.808,560
254,21,4,2026,7,124,39,31.38,37.62,0.925,246.82
255,8,4,2026,3,134,46,25.58,41.74,0.9,318.51
256,18,4,2026,9,127,51,19.13,31.84,0.911,410.29
257,21,4,2026,12,148,85,28.16,37.08,0.943,302.34
258,8,4,2026,10,102,56,20.38,59.16,0.931,560
259,14,4,2026,4,134,63,30.47,49.6,0.926,560
260,12,4,2026,10,138,22,25.39,43.66,0.917,560
261,15,4,2026,4,126,52,25.62,64.75,0.884,560
262,14,4,2026,1,122,38,28.78,31.76,0.918,412.27
263,9,4,2026,5,124,66,28.02,34.56,0.939,413.07
264,7,4,2026,9,126,74,28.36,68,0.93,560
265,17,4,2026,2,159,34,25.5,39.12,0.893,560
266,7,4,2026,2,112,75,25.95,27.7,0.897,189.83
267,21,4,2026,6,119,58,24.47,48.2,0.871,361.41
268,10,4,2026,12,138,54,23.74,60.68,0.912,560
269,14,4,2026,9,141,44,26.41,56.35,0.906,560
270,20,4,2026,6,158,52,25.36,41.37,0.987,325.57
271,7,4,2026,5,135,81,23.03,55.8,0.921,462.36
272,14,4,2026,9,141,83,27.16,68,0.914,560
273,18,4,2026,8,129,74,29.26,68,0.966,560
274,17,4,2026,1,133,41,30.29,38.03,0.966,413.96
275,13,4,2026,3,153,49,23.78,52.91,0.933,560
276,21,4,2026,10,158,66,21.15,41.04,0.961,324.63
277,15,4,2026,12,117,37,24.06,51.51,0.909,560
278,21,4,2026,2,133,49,25.77,36.57,0.838,266.71
279,13,4,2026,2,123,78,23.77,62.86,0.972,560
280,20,4,2026,11,148,47,27.6,34.44,0.877,271.55
281,18,4,2026,3,105,31,24.61,40.19,0.86,560
282,7,4,2026,4,113,70,28.35,41.22,0.881,320.6
283,17,4,2026,5,157,23,23.43,30.36,0.98,476.01
284,20,4,2026,12,152,66,23.64,35.97,0.926,271.13
285,13,4,2026,11,157,34,23.86,34.91,0.839,532.57
286,12,4,2026,1,106,72,19.32,35.95,0.873,446.29
287,13,4,2026,6,101,29,20.69,23.74,0.919,346.16
288,16,4,2026,11,124,64,28.18,40.69,0.929,380.39
289,9,4,2026,7,145,57,22.91,47.8,0.934,560
290,19,4,2026,5,106,46,25.91,38.08,0.862,441.04
291,7,4,2026,2,122,27,23.25,27.26,0.832,301.41
292,18,4,2026,9,157,74,26.84,48.11,0.85,546.49
293,11,4,2026,5,117,47,24.65,50.54,0.927,560
294,10,4,2026,12,140,62,20.45,54.5,0.889,560
295,13,4,2026,6,153,26,20.89,38.36,0.942,560
296,9,4,2026,5,120,9,20.92,23.72,0.885,442.41
297,12,4,2026,5,147,46,21.33,45.62,0.896,560
298,8,4,2026,10,112,34,21.45,22.15,0.889,160.64
299,14,4,2026,12,113,38,25.55,36.54,0.841,516.04
300,17,4,2026,5,115,68,24.58,57.49,0.876,560
301,16,4,2026,8,137,33,26.69,41.18,0.881,471.69
302,21,4,2026,9,138,34,23.79,50.93,0.917,501.05
303,17,4,2026,10,102,25,22.94,41.79,0.827,560
304,8,4,2026,5,114,45,20.99,46.93,0.864,451.52
305,13,4,2026,8,149,40,20.45,39.04,0.99,460.03
306,8,4,2026,2,153,100,26.15,68,0.893,560
307,14,4,2026,6,130,83,27.37,64.65,0.914,560
308,12,4,2026,11,106,50,23.81,37.64,0.94,531.8
309,9,4,2026,6,135,33,26.1,46.95,0.856,560
310,18,4,2026,10,156,36,25.91,34.23,0.862,369.43
311,19,4,2026,12,151,63,20.83,42.47,0.863,496.96
312,17,4,2026,8,133,65,27.15,44.53,0.879,531.9
313,12,4,2026,8,139,70,28.57,51.03,0.825,560
314,10,4,2026,5,107,38,26.49,40.19,0.868,497.78
315,13,4,2026,7,111,27,24.92,56.7,0.865,560
316,9,4,2026,6,153,70,23.66,64.3,0.906,560
317,20,4,2026,7,135,29,24.49,40.81,0.872,392.42
318,7,4,2026,4,118,55,26.7,39.35,0.893,340.39
319,19,4,2026,8,135,26,24.34,41.63,0.96,560
320,19,4,2026,12,128,45,18,22.11,0.97,299.35
321,11,4,2026,1,128,51,30.56,37.65,0.952,391.06
322,18,4,2026,10,144,41,21.81,31.82,0.894,308.54
323,10,4,2026,4,151,74,25.62,41.94,0.959,527.05
324,11,4,2026,9,157,37,24.03,33.18,0.978,466.96
325,11,4,2026,11,108,51,23.08,32.77,0.938,402.47
326,9,4,2026,10,140,36,24.24,52.1,0.856,560
327,8,4,2026,7,132,54,19.98,29.29,0.879,157.76
328,20,4,2026,12,105,33,24.21,44.57,0.891,442.01
329,15,4,2026,7,113,95,23.49,45.31,0.911,504.65
330,20,4,2026,8,150,51,22.08,53.33,0.927,474.43
331,14,4,2026,1,107,66,23.85,24.37,0.943,426.7
332,21,4,2026,11,119,53,28.38,53.47,0.901,431.22
333,12,4,2026,11,157,50,23.82,35.27,0.864,511.11
334,8,4,2026,1,113,59,23.02,33.75,0.919,283.72
335,18,4,2026,6,152,86,28.7,38.4,0.867,424.72
336,8,4,2026,6,123,76,25.8,68,0.92,560
337,17,5,2026,3,104,52,24.28,24.35,0.875,252.79
338,13,5,2026,10,143,45,22.39,37.02,0.927,489.52
339,18,5,2026,7,122,73,23.75,45.02,0.935,460.77
340,16,5,2026,5,149,45,25.0,34.57,0.957,365.01
341,16,5,2026,9,112,54,21.84,37.02,0.939,327.41
342,14,5,2026,11,138,55,30.02,68,0.948,560
343,13,5,2026,10,126,32,27.75,60.14,0.811,560
344,11,5,2026,4,102,55,30.81,62.55,0.884,560
345,19,5,2026,7,127,52,23.16,31.05,0.897,384.74
346,10,5,2026,3,134,79,22.5,44.78,0.915,480.69
347,11,5,2026,12,127,49,18.59,36.15,0.916,455.47
348,11,5,2026,11,147,63,23.33,64.42,0.932,560
349,14,5,2026,6,133,14,23.75,25.42,0.949,395.08
350,8,5,2026,1,121,29,25.19,24.44,0.968,220.57
351,8,5,2026,8,129,47,24.28,58.99,0.891,560
352,17,5,2026,12,107,8,24.83,34.68,0.987,436.39
353,14,5,2026,6,124,67,23.44,32.36,0.907,355.3
354,10,5,2026,6,115,23,20.21,35.97,0.908,560
355,15,5,2026,11,157,69,25.04,45.25,0.909,560
356,19,5,2026,5,120,24,27.19,44.71,0.887,560
357,18,5,2026,10,115,26,25.25,38.83,0.913,560
358,10,5,2026,3,100,33,24.95,39.98,0.855,560
359,7,5,2026,6,100,56,21.44,46.81,0.876,443.14
360,7,5,2026,3,145,52,24.18,47.56,0.919,457.51
361,21,5,2026,6,129,64,24.15,63.9,0.922,560
362,13,5,2026,11,108,67,24.54,38.48,0.881,470.08
363,18,5,2026,6,120,39,24.99,47.94,0.902,560
364,14,5,2026,8,120,61,21.26,53.59,0.937,560
365,11,5,2026,2,105,73,28.17,62.02,0.855,560
366,8,5,2026,12,115,38,27.3,54.66,0.942,531.27
367,9,5,2026,1,160,35,26.21,40.78,0.88,560
368,7,5,2026,1,153,43,24.76,45.08,0.923,462.3
369,17,5,2026,2,137,12,20.9,30.96,0.972,273.28
370,8,5,2026,6,107,23,27.57,33.54,0.936,299.37
371,13,5,2026,8,101,37,26.48,31.37,0.979,458.48
372,16,5,2026,10,139,59,24.42,45.52,0.867,522.47
373,11,5,2026,7,108,27,26.44,26.66,0.881,325.52
374,13,5,2026,12,122,53,19.16,37.2,0.881,522.92
375,11,5,2026,3,101,48,26.26,41.04,0.868,515.07
376,19,5,2026,10,114,53,25.71,64.68,0.893,560
377,21,5,2026,12,103,59,18,26.59,0.858,323.92
378,9,5,2026,3,115,28,19.81,26.84,0.881,523.08
379,18,5,2026,6,160,43,23.67,52.67,0.886,560
380,9,5,2026,8,102,49,26.19,63.15,0.92,560
381,21,5,2026,10,112,61,21.78,34.25,0.975,242.53
382,18,5,2026,3,149,59,27.16,42.74,0.9,461.41
383,17,5,2026,7,137,70,25.86,45.98,0.928,520.44
384,17,5,2026,6,111,5,23.33,30.17,0.952,504.25
385,17,5,2026,10,152,63,26.64,34.89,0.891,420.81
386,13,5,2026,10,102,38,25.44,61.19,0.93,560
387,8,5,2026,8,109,50,25.4,37.14,0.939,344.88
388,17,5,2026,11,146,45,26.82,38.86,0.907,503.22
389,11,5,2026,2,146,76,24.37,39.34,0.805,462.46
390,15,5,2026,7,106,55,26.86,35.14,0.851,426.92
391,14,5,2026,2,151,65,22.28,30.99,0.99,417.55
392,18,5,2026,2,135,73,32.09,61.04,0.849,560
393,18,5,2026,1,127,67,23.71,38.24,0.895,402.55
394,18,5,2026,9,146,68,27.69,45.25,0.892,514.54
395,13,5,2026,10,135,61,22.89,52.71,0.942,560
396,10,5,2026,2,101,29,25.49,34.06,0.955,408.25
397,19,5,2026,7,130,22,24.65,44.28,0.937,560
398,14,5,2026,1,116,41,22.17,22.58,0.937,227.57
399,18,5,2026,11,106,72,25.76,37.83,0.883,459.88
400,20,5,2026,9,126,41,28.82,62.52,0.958,560
401,11,5,2026,2,125,83,21.63,44.64,0.909,560
402,8,5,2026,8,111,27,26.07,51.07,0.916,560
403,8,5,2026,11,127,67,29.68,54.22,0.953,406.96
404,8,5,2026,7,135,15,22.22,35.94,0.903,370.89
405,19,5,2026,12,139,22,21.61,32.07,0.925,352.14
406,8,5,2026,2,136,26,25.32,14.58,0.965,105.02
407,11,5,2026,7,141,24,24.72,50.11,0.917,560
408,7,5,2026,7,156,33,27.68,23.92,0.953,205.91
409,12,5,2026,1,121,62,22.03,32.31,0.956,436.1
410,9,5,2026,5,147,80,19.1,61.83,0.905,560
411,10,5,2026,8,113,74,22.76,38.16,0.915,555.46
412,8,5,2026,5,145,68,22.73,52.35,0.959,420.91
413,10,5,2026,4,153,60,24.63,62.32,0.922,560
414,13,5,2026,11,159,73,24.88,68,0.873,560
415,20,5,2026,8,137,35,23.48,34.44,0.884,281.07
416,7,5,2026,3,154,57,18,24.42,0.946,176.58
417,11,5,2026,11,126,11,23.85,50.75,0.898,560
418,19,5,2026,1,114,65,24.27,63.8,0.874,560
419,13,5,2026,7,154,45,26.21,31.95,0.922,462.39
420,15,5,2026,11,153,61,26.4,66.52,0.883,560
421,14,6,2026,2,121,86,23.69,44.54,0.886,515.82
422,9,6,2026,9,148,43,24.06,29.84,0.956,313.8
423,12,6,2026,11,108,49,19.69,30.39,0.91,335.35
424,18,6,2026,10,152,58,25.78,39.84,0.919,394.74
425,21,6,2026,11,122,12,23.73,33.48,0.841,276.86
426,11,6,2026,12,151,61,18,34.08,0.99,449.09
427,10,6,2026,6,114,54,21.43,54.01,0.875,560
428,14,6,2026,1,155,96,21.37,52.75,0.877,560
429,8,6,2026,11,124,32,23.42,28.35,0.893,168.34
430,21,6,2026,8,109,100,22.07,55.28,0.918,345.58
431,9,6,2026,6,140,77,25.17,62.29,0.977,560
432,19,6,2026,2,108,87,20.8,27.19,0.825,296.14
433,7,6,2026,9,112,48,18,29.6,0.868,188.56
434,18,6,2026,4,114,55,23.04,50.41,0.937,560
435,9,6,2026,2,152,100,26.07,33.62,0.923,339.55
436,9,6,2026,6,157,68,19.01,35.97,0.954,476.38
437,7,6,2026,4,114,53,22.43,51.4,0.857,455.74
438,7,6,2026,7,156,78,20.72,26.71,0.872,174.63
439,8,6,2026,11,153,88,24.57,68,0.93,560
440,18,6,2026,11,140,57,27.13,61.54,0.949,560
441,18,6,2026,3,126,60,22.77,53.92,0.89,560
442,10,6,2026,5,153,64,22.01,56.85,0.9,560
443,14,6,2026,4,144,72,22.9,36.66,0.911,371.95
444,9,6,2026,2,149,26,19.2,20.33,0.935,279.65
445,11,6,2026,5,129,93,25.7,68,0.854,560
446,8,6,2026,2,154,34,24.05,27.15,0.945,186.21
447,12,6,2026,8,139,50,28.84,40.38,0.936,516.66
448,20,6,2026,7,144,69,27.18,29.8,0.868,191.01
449,18,6,2026,12,103,97,23.33,60.22,0.963,560
450,16,6,2026,7,149,45,23.54,35.65,0.879,361.1
451,9,6,2026,8,158,9,24.47,25.29,0.915,419.82
452,15,6,2026,12,136,58,23.65,30.46,0.988,321.27
453,18,6,2026,12,139,81,26.49,52.25,0.947,542.72
454,15,6,2026,10,103,82,30.98,56.52,0.865,560
455,9,6,2026,2,148,38,24.12,24.33,0.908,253.59
456,10,6,2026,2,129,37,20.32,40.72,0.95,560
457,14,6,2026,12,141,77,24.34,68,0.921,560
458,17,6,2026,5,156,5,21.96,15.74,0.864,138.87
459,7,6,2026,4,154,27,25.09,25.85,0.879,217.15
460,19,6,2026,11,114,44,26.81,64.24,0.862,560
461,12,6,2026,12,106,67,24.51,50.16,0.959,560
462,10,6,2026,2,159,73,25.25,60.72,0.922,560
463,19,6,2026,7,102,92,21.46,65.09,0.874,560
464,9,6,2026,8,100,8,23.07,33.26,0.98,533.61
465,15,6,2026,3,144,23,21.7,21.08,0.939,224.8
466,13,6,2026,7,138,37,28.39,55.47,0.895,560
467,14,6,2026,3,108,25,26.43,22.8,0.876,293.85
468,21,6,2026,9,140,28,24.42,46.83,0.896,391.1
469,9,6,2026,12,141,68,23.71,65.06,0.895,560
470,16,6,2026,10,160,26,22.45,37.94,0.909,511.05
471,20,6,2026,7,151,65,24.11,40.16,0.919,298.56
472,11,6,2026,11,116,93,24.65,42.29,0.916,443.01
473,12,6,2026,8,106,30,21.0,26.06,0.899,354.51
474,19,6,2026,12,118,71,23.67,45.16,0.879,526.56
475,17,6,2026,6,135,89,25.64,68,0.987,560
476,17,6,2026,12,145,60,20.98,49.01,0.858,560
477,10,6,2026,5,128,69,28.08,36.06,0.933,372.49
478,15,6,2026,5,108,71,27.08,41.24,0.955,358.99
479,7,6,2026,3,159,51,24.87,59.04,0.887,494.98
480,12,6,2026,2,150,56,23.04,40.41,0.957,560
481,9,6,2026,7,134,45,23.7,35.56,0.937,444.94
482,19,6,2026,10,133,66,20.2,40.3,0.911,410.82
483,12,6,2026,8,115,80,21.66,51.31,0.84,560
484,8,6,2026,7,116,99,21.63,36.56,0.973,212.74
485,19,6,2026,9,128,36,24.21,25.03,0.881,329.63
486,19,6,2026,9,134,88,25.1,50.32,0.877,504.23
487,13,6,2026,2,113,21,22.9,30.31,0.9,382.35
488,9,6,2026,1,129,41,23.83,44.31,0.932,560
489,8,6,2026,10,152,57,26.3,29.77,0.946,259.04
490,15,6,2026,1,141,58,23.8,51.31,0.91,560
491,12,6,2026,9,106,46,28.42,39.6,0.89,503.66
492,7,6,2026,8,110,82,22.41,60.04,0.855,533.32
493,17,6,2026,3,119,33,18.03,24.08,0.848,288.43
494,15,6,2026,3,107,46,27.78,37.99,0.87,426.01
495,10,6,2026,12,147,71,22.43,64.76,0.94,560
496,20,6,2026,5,112,68,27.36,38.21,0.898,232.88
497,15,6,2026,8,141,37,23.24,52.99,0.917,560
498,9,6,2026,11,141,56,24.24,68,0.934,560
499,12,6,2026,10,142,45,27.73,38.42,0.895,527.97
500,10,6,2026,4,145,55,23.79,43.75,0.922,560
501,21,6,2026,8,129,19,25.74,45.89,0.912,489.6
502,20,6,2026,3,157,63,21.72,33.98,0.922,241.9
503,7,6,2026,9,140,83,24.77,61.04,0.94,510.12
504,15,6,2026,8,141,46,24.45,53.54,0.921,560
505,11,7,2026,3,129,45,23.64,48.91,0.914,560
506,17,7,2026,3,148,41,20.4,20.77,0.952,248.68
507,9,7,2026,12,146,34,23.94,37.16,0.955,471.71
508,10,7,2026,9,158,59,24.42,37.55,0.982,458.07
509,17,7,2026,6,106,47,20.16,34.58,0.843,334.31
510,17,7,2026,7,123,51,18.19,43.08,0.937,560
511,10,7,2026,9,125,28,28.47,45.58,0.914,560
512,9,7,2026,4,104,54,21.22,25.03,0.924,277.25
513,20,7,2026,2,142,59,29.09,40.06,0.865,283.67
514,20,7,2026,7,101,67,23.71,43.33,0.892,291.17
515,21,7,2026,10,109,70,24.45,49.58,0.99,334.27
516,18,7,2026,12,142,53,26.8,35.98,0.921,478.54
517,14,7,2026,3,114,69,20.09,55.71,0.839,560
518,18,7,2026,11,121,40,27.22,38.22,0.945,452.1
519,7,7,2026,4,133,71,20.91,34.88,0.921,215.02
520,7,7,2026,9,132,59,23.67,29.87,0.864,163.44
521,7,7,2026,11,141,34,24.96,61.06,0.866,560
522,19,7,2026,7,122,45,19.47,26.92,0.914,279.48
523,9,7,2026,5,130,59,18,46.68,0.937,560
524,18,7,2026,1,136,57,20.05,22.42,0.891,213.96
525,13,7,2026,6,106,72,27.25,45.56,0.989,518.8
526,17,7,2026,7,148,68,24.74,38.13,0.887,322.85
527,14,7,2026,5,119,21,21.22,22.28,0.923,315.04
528,19,7,2026,12,160,65,24.75,64.22,0.881,560
529,18,7,2026,11,145,75,24.61,59.6,0.856,560
530,8,7,2026,2,116,60,23.87,29.26,0.948,179.48
531,16,7,2026,11,133,42,31.17,52.1,0.934,531.83
532,20,7,2026,11,159,55,24.47,61.87,0.963,560
533,10,7,2026,10,110,45,21.13,40.65,0.82,560
534,17,7,2026,7,125,76,20.54,51.89,0.909,560
535,11,7,2026,12,153,27,22.21,45.98,0.97,560
536,13,7,2026,10,100,49,23.44,55.78,0.922,560
537,8,7,2026,9,116,83,19.79,28.06,0.882,161.78
538,19,7,2026,6,149,40,20.43,30.41,0.902,321.01
539,8,7,2026,7,140,58,21.6,46.97,0.842,380.69
540,18,7,2026,5,115,76,22.95,59.71,0.91,560
541,9,7,2026,8,120,26,28.71,47.52,0.99,560
542,10,7,2026,4,147,41,23.77,52.16,0.92,560
543,12,7,2026,3,149,93,27.84,47.21,0.857,540.87
544,7,7,2026,8,123,27,21.11,40.17,0.99,394.44
545,14,7,2026,3,148,70,22.42,30.14,0.962,308.08
546,15,7,2026,1,132,31,20.23,24.08,0.917,168.48
547,15,7,2026,8,120,53,23.22,52.02,0.961,560
548,15,7,2026,5,115,43,22.73,53.0,0.896,560
549,13,7,2026,12,148,24,27.88,29.01,0.935,339.21
550,8,7,2026,12,117,47,24.92,58.71,0.926,555.57
551,18,7,2026,3,130,59,21.89,32.47,0.91,419.36
552,19,7,2026,8,119,51,23.61,45.37,0.927,441.88
553,10,7,2026,5,130,60,22.51,48.98,0.879,560
554,12,7,2026,1,126,40,28.01,57.65,0.936,560
555,17,7,2026,9,111,72,23.33,65.76,0.953,560
556,16,7,2026,5,129,57,22.51,53.42,0.946,560
557,17,7,2026,10,136,15,27.33,29.02,0.928,270.08
558,16,7,2026,11,125,26,23.22,48.07,0.935,560
559,14,7,2026,7,110,56,24.24,51.49,0.852,560
560,9,7,2026,7,106,46,29.47,47.0,0.897,538.76
561,15,7,2026,2,106,54,25.39,30.76,0.841,339.88
562,17,7,2026,3,108,72,21.84,28.75,0.947,262.27
563,20,7,2026,8,129,82,23.06,68,0.953,560
564,16,7,2026,8,140,42,23.61,38.96,0.858,554.34
565,21,7,2026,6,130,16,22.31,29.68,0.924,286.76
566,20,7,2026,3,122,55,22.8,38.5,0.892,226.45
567,11,7,2026,1,149,38,24.71,29.47,0.915,325.31
568,13,7,2026,4,110,69,22.71,46.07,0.923,560
569,17,7,2026,4,133,59,18,32.47,0.853,316.76
570,13,7,2026,4,154,15,25.13,26.74,0.944,356.87
571,18,7,2026,10,131,56,24.2,45.81,0.925,478.58
572,18,7,2026,8,146,65,24.95,42.94,0.938,450.28
573,19,7,2026,8,123,17,24.85,41.69,0.977,560
574,8,7,2026,9,130,68,26.31,68,0.91,559.05
575,19,7,2026,12,115,10,29.05,47.68,0.99,560
576,17,7,2026,4,130,45,18,42.18,0.932,468.92
577,18,7,2026,9,133,73,26.04,45.94,0.946,455.02
578,10,7,2026,11,127,5,22.83,28.27,0.907,394.38
579,7,7,2026,1,137,60,20.32,27.58,0.888,202.33
580,16,7,2026,6,159,63,28.62,68,0.945,560
581,15,7,2026,2,108,35,23.85,16.81,0.889,221.45
582,7,7,2026,12,124,32,22.64,28.4,0.947,180.71
583,11,7,2026,9,144,26,23.89,21.21,0.9,299.11
584,20,7,2026,9,110,33,25.23,48.22,0.901,434.95
585,7,7,2026,11,132,44,24.97,38.56,0.919,232.96
586,17,7,2026,9,152,90,20.87,39.17,0.859,339.11
587,12,7,2026,7,141,50,24.86,57.86,0.9,560
588,8,7,2026,8,112,59,26.83,36.74,0.94,199.66
589,18,8,2026,10,116,69,24.04,34.63,0.904,285.5
590,20,8,2026,2,129,13,23.73,32.98,0.822,285.49
591,12,8,2026,12,103,62,21.28,42.65,0.914,539.98
592,8,8,2026,2,146,35,23.75,32.24,0.93,236.68
593,9,8,2026,9,147,20,21.62,42.98,0.858,560
594,8,8,2026,3,150,32,24.68,43.24,0.898,344.1
595,14,8,2026,6,157,27,31.89,36.49,0.944,417.04
596,16,8,2026,4,136,69,20.6,26.97,0.847,225.18
597,14,8,2026,8,125,60,23.39,53.49,0.917,560
598,10,8,2026,4,154,53,21.35,38.63,0.98,378.52
599,15,8,2026,9,136,66,22.61,35.9,0.919,283.93
600,10,8,2026,5,151,76,22.18,45.42,0.885,456.25
601,12,8,2026,8,111,8,23.87,37.66,0.839,560
602,19,8,2026,10,124,50,24.29,31.47,0.915,271.56
603,13,8,2026,2,155,59,18.46,44.83,0.835,524.42
604,15,8,2026,1,120,49,21.74,38.9,0.882,437.12
605,18,8,2026,7,128,55,19.47,29.5,0.933,259.46
606,14,8,2026,10,147,70,26.28,68,0.951,560
607,9,8,2026,3,130,31,22.13,33.88,0.888,464.82
608,8,8,2026,5,149,38,19.27,29.22,0.893,190.1
609,12,8,2026,6,112,42,27.03,32.3,0.915,268.3
610,14,8,2026,10,109,10,18,24.72,0.916,341.82
611,18,8,2026,2,107,53,21.16,28.88,0.894,282.27
612,19,8,2026,2,119,74,22.78,38.44,0.923,383.16
613,15,8,2026,5,135,19,23.91,39.58,0.958,557.24
614,7,8,2026,5,110,38,25.26,45.84,0.9,348.51
615,7,8,2026,2,124,37,19.65,22.24,0.89,112.97
616,13,8,2026,4,124,98,18.68,32.42,0.948,286.31
617,8,8,2026,3,112,30,23.38,22.05,0.906,118.29
618,13,8,2026,12,110,51,27.92,61.98,0.889,560
619,15,8,2026,5,151,70,24.27,27.56,0.99,387.33
620,10,8,2026,3,121,36,26.9,29.34,0.943,372.83
621,16,8,2026,11,143,57,25.6,49.81,0.99,462.72
622,10,8,2026,11,108,79,19.42,30.64,0.916,340.65
623,21,8,2026,9,158,100,30.83,62.13,0.907,414.91
624,15,8,2026,9,160,45,23.03,46.0,0.922,554.4
625,12,8,2026,7,126,43,28.08,63.44,0.859,560
626,9,8,2026,3,101,66,23.72,32.28,0.905,410.3
627,10,8,2026,4,143,63,23.59,37.99,0.889,383.81
628,9,8,2026,7,131,61,21.62,37.66,0.916,444.7
629,21,8,2026,5,160,24,25.96,47.32,0.905,421.76
630,20,8,2026,10,131,26,21.1,21.86,0.942,183.88
631,16,8,2026,12,152,41,25.17,25.82,0.868,237.88
632,19,8,2026,1,133,47,25.96,36.12,0.969,305.18
633,15,8,2026,7,147,76,24.12,68,0.808,560
634,19,8,2026,5,129,71,24.65,67.67,0.963,560
635,14,8,2026,11,128,76,25.3,40.26,0.958,375.99
636,12,8,2026,8,101,48,25.13,43.1,0.904,456.07
637,11,8,2026,6,144,34,19.59,24.15,0.966,230.67
638,8,8,2026,9,145,24,19.43,39.94,0.812,319.77
639,13,8,2026,1,149,64,25.78,43.38,0.852,456.66
640,7,8,2026,7,119,84,21.52,49.96,0.857,313.15
641,9,8,2026,4,100,42,21.8,32.54,0.93,524.97
642,10,8,2026,4,137,56,21.62,29.75,0.859,363.89
643,21,8,2026,9,117,34,20.78,47.65,0.899,421.75
644,20,8,2026,1,142,50,19.8,24.81,0.902,179.22
645,9,8,2026,3,143,48,27.7,35.5,0.86,445.13
646,12,8,2026,1,105,47,23.7,38.11,0.969,483.54
647,20,8,2026,9,104,51,24.95,29.89,0.88,160.44
648,16,8,2026,1,106,49,18,20.29,0.893,217.13
649,16,8,2026,12,118,16,25.97,33.13,0.962,405.27
650,14,8,2026,9,146,41,21.03,29.18,0.933,400.82
651,10,8,2026,1,107,85,24.03,47.56,0.962,484.55
652,12,8,2026,6,135,54,24.11,47.68,0.871,560
653,8,8,2026,5,119,35,23.28,36.29,0.912,226.78
654,7,8,2026,3,112,24,22.07,22.05,0.868,87.46
655,17,8,2026,3,130,68,26.16,61.0,0.846,560
656,7,8,2026,9,119,8,19.25,19.02,0.903,165.82
657,12,8,2026,6,104,72,22.93,43.22,0.932,375.75
658,13,8,2026,3,138,31,27.28,54.11,0.882,560
659,11,8,2026,7,105,38,23.43,34.93,0.939,536.36
660,19,8,2026,1,149,65,23.79,37.65,0.838,343.2
661,9,8,2026,4,121,86,21.15,34.5,0.9,430.38
662,15,8,2026,11,108,25,23.62,26.46,0.849,289.29
663,11,8,2026,1,143,80,18.43,30.08,0.983,333.74
664,7,8,2026,10,148,18,20.98,28.81,0.899,180.43
665,12,8,2026,8,142,64,24.54,42.01,0.917,461.18
666,12,8,2026,9,120,53,22.45,60.17,0.927,560
667,11,8,2026,10,157,42,26.15,42.41,0.943,491.01
668,13,8,2026,7,111,59,21.62,48.8,0.868,560
669,12,8,2026,5,121,69,19.07,32.74,0.867,371.59
670,9,8,2026,2,152,30,24.89,16.12,0.938,219.36
671,19,8,2026,8,130,56,25.52,58.84,0.868,560
672,17,8,2026,6,150,76,25.1,57.34,0.895,560
673,14,9,2026,8,154,72,27.81,46.29,0.897,524.09
674,12,9,2026,9,141,19,25.6,50.25,0.858,560
675,10,9,2026,9,110,76,22.82,55.95,0.972,560
676,19,9,2026,6,134,32,22.66,27.17,0.878,257.51
677,20,9,2026,8,107,34,21.47,23.35,0.885,199.9
678,8,9,2026,11,152,52,18.73,22.9,0.883,186.79
679,10,9,2026,3,156,22,20.85,19.87,0.847,175.92
680,16,9,2026,10,128,60,24.82,39.16,0.889,340.71
681,11,9,2026,7,145,75,23.0,58.08,0.913,560
682,11,9,2026,1,123,61,29.7,57.98,0.961,560
683,8,9,2026,5,155,77,23.92,52.88,0.88,380.19
684,10,9,2026,11,111,68,21.39,65.76,0.842,560
685,9,9,2026,5,155,49,21.89,44.65,0.913,536.09
686,9,9,2026,2,108,56,21.35,21.39,0.842,230.32
687,13,9,2026,10,111,32,24.19,54.95,0.874,560
688,14,9,2026,12,115,56,22.74,52.4,0.957,560
689,7,9,2026,10,130,51,21.89,44.08,0.917,359.99
690,19,9,2026,5,129,5,19.67,27.13,0.887,364.71
691,17,9,2026,11,104,43,19.88,21.3,0.884,224.23
692,14,9,2026,9,157,54,18.51,34.73,0.821,406.99
693,11,9,2026,3,102,44,19.49,39.45,0.976,526.67
694,16,9,2026,1,142,34,28.75,32.3,0.887,301.1
695,15,9,2026,2,154,58,21.06,29.41,0.889,280.05
696,21,9,2026,10,147,25,25.2,55.49,0.921,455.74
697,14,9,2026,3,151,49,23.17,42.82,0.9,416.77
698,19,9,2026,7,149,17,20.03,27.13,0.906,254.79
699,20,9,2026,6,103,31,19.38,27.4,0.926,172.13
700,19,9,2026,9,114,89,19.88,68,0.888,560
701,7,9,2026,5,159,61,20.49,51.37,0.955,438.9
702,12,9,2026,7,139,70,28.46,43.41,0.894,503.72
703,17,9,2026,10,125,22,24.39,43.22,0.97,489.99
704,9,9,2026,6,135,50,23.69,48.18,0.947,560
705,17,9,2026,8,122,58,25.7,42.02,0.918,434.81
706,20,9,2026,4,160,42,22.06,39.34,0.926,302.0
707,13,9,2026,11,148,77,21.02,42.87,0.893,368.86
708,21,9,2026,2,140,79,18,50.1,0.917,304.63
709,19,9,2026,6,116,59,24.3,30.97,0.871,313.65
710,11,9,2026,3,128,75,30.88,42.28,0.922,389.47
711,8,9,2026,3,134,56,21.21,26.72,0.841,195.41
712,16,9,2026,12,116,60,23.4,32.73,0.852,298.14
713,7,9,2026,11,124,51,27.93,39.11,0.88,247.99
714,13,9,2026,7,154,45,22.54,26.54,0.936,351.18
715,18,9,2026,8,107,8,20.42,18.08,0.957,194.51
716,8,9,2026,6,134,13,24.95,23.78,0.947,155.09
717,10,9,2026,3,135,76,24.02,57.46,0.968,560
718,8,9,2026,11,128,39,23.15,25.88,0.932,206.95
719,14,9,2026,7,104,63,19.15,17.02,0.91,231.7
720,12,9,2026,1,121,54,23.51,31.43,0.963,361.81
721,14,9,2026,11,155,63,22.09,48.08,0.866,560
722,14,9,2026,10,102,79,23.5,68,0.966,560
723,20,9,2026,2,129,23,19.63,38.47,0.939,274.02
724,8,9,2026,4,127,37,20.32,33.21,0.907,175.74
725,17,9,2026,10,134,82,27.64,53.98,0.844,494.78
726,9,9,2026,7,110,64,22.04,47.27,0.825,560
727,8,9,2026,11,139,45,24.53,40.38,0.899,304.7
728,16,9,2026,5,126,39,21.45,38.79,0.889,512.27
729,11,9,2026,9,128,10,27.02,22.95,0.903,212.81
730,17,9,2026,5,122,55,19.96,34.65,0.952,376.1
731,16,9,2026,6,155,56,19.57,45.61,0.977,493.77
732,19,9,2026,3,143,69,26.97,34.87,0.886,356.35
733,7,9,2026,11,123,49,26.43,62.05,0.972,560
734,21,9,2026,9,111,64,23.7,65.89,0.895,533.46
735,14,9,2026,10,137,48,25.07,38.25,0.878,440.08
736,18,9,2026,7,155,63,25.25,64.47,0.957,560
737,13,9,2026,3,113,76,21.85,36.87,0.924,345.19
738,10,9,2026,6,108,10,27.11,23.05,0.906,259.39
739,13,9,2026,3,148,29,28.51,19.87,0.867,229.03
740,15,9,2026,4,105,46,20.2,41.85,0.928,438.32
741,14,9,2026,5,100,50,18.44,39.34,0.946,517.49
742,9,9,2026,10,157,36,31.7,44.1,0.954,513.37
743,7,9,2026,7,133,23,26.67,31.58,0.893,257.98
744,18,9,2026,12,126,73,24.82,68,0.894,560
745,14,9,2026,11,119,67,26.13,42.32,0.887,485.07
746,18,9,2026,7,111,57,24.02,56.38,0.855,560
747,8,9,2026,7,157,45,19.86,28.92,0.974,180.63
748,10,9,2026,11,105,36,21.33,42.26,0.954,560
749,12,9,2026,1,107,36,25.55,33.48,0.92,334.34
750,19,9,2026,4,108,27,25.5,22.75,0.945,226.57
751,16,9,2026,12,113,55,18.23,32.19,0.987,337.65
752,12,9,2026,6,128,58,19.64,26.51,0.955,280.26
753,15,9,2026,5,128,26,19.59,25.28,0.886,238.09
754,14,9,2026,2,105,73,21.84,51.36,0.925,560
755,8,9,2026,12,109,10,23.44,23.41,0.903,233.16
756,9,9,2026,8,122,49,19.0,34.96,0.936,374.17
757,19,10,2026,4,153,84,21.99,61.54,0.929,560
758,18,10,2026,9,153,81,20.23,65.21,0.832,560
759,19,10,2026,5,114,5,24.18,35.49,0.898,452.44
760,21,10,2026,3,145,58,21.54,44.17,0.938,351.68
761,19,10,2026,3,110,55,24.26,46.79,0.929,515.3
762,7,10,2026,11,120,80,25.08,66.63,0.807,512.31
763,8,10,2026,1,125,89,21.24,62.53,0.88,426.52
764,15,10,2026,6,141,49,22.45,48.37,0.886,560
765,16,10,2026,11,109,65,18.78,41.67,0.893,376.62
766,17,10,2026,9,107,55,22.31,41.73,0.933,362.13
767,7,10,2026,10,141,64,26.85,68,0.843,560
768,17,10,2026,11,105,76,26.36,66.73,0.856,560
769,7,10,2026,11,123,27,26.25,52.3,0.927,560
770,14,10,2026,9,105,70,24.74,68,0.908,560
771,9,10,2026,12,157,13,26.34,36.41,0.951,428.81
772,20,10,2026,9,121,79,30.36,57.61,0.911,341.77
773,21,10,2026,5,126,66,26.37,57.46,0.873,487.5
774,14,10,2026,1,152,39,26.02,17.55,0.893,235.44
775,7,10,2026,1,109,50,30.87,41.84,0.871,272.97
776,14,10,2026,12,141,40,23.44,59.97,0.888,560
777,18,10,2026,6,137,31,23.79,30.14,0.971,311.9
778,18,10,2026,10,101,35,24.4,33.47,0.943,358.38
779,9,10,2026,6,110,74,24.32,51.61,0.835,560
780,8,10,2026,9,112,85,23.59,34.71,0.965,225.04
781,20,10,2026,6,152,77,18.94,28.81,0.971,142.29
782,9,10,2026,1,108,50,20.51,21.53,0.874,204.17
783,8,10,2026,4,109,13,23.27,24.67,0.861,210.55
784,18,10,2026,9,144,42,23.45,25.77,0.895,245.82
785,21,10,2026,1,130,35,27.14,44.97,0.943,267.41
786,9,10,2026,12,119,46,28.81,46.29,0.924,558.08
787,10,10,2026,5,108,70,31.58,32.28,0.941,363.91
788,13,10,2026,1,112,57,27.54,33.98,0.896,289.42
789,11,10,2026,1,104,53,23.8,27.14,0.922,229.82
790,17,10,2026,6,101,47,28.28,44.04,0.99,381.03
791,9,10,2026,9,149,52,21.18,34.21,0.902,403.86
792,10,10,2026,5,110,56,26.43,50.52,0.928,560
793,15,10,2026,12,130,35,26.37,43.58,0.947,552.56
794,10,10,2026,9,114,72,19.15,64.51,0.892,560
795,14,10,2026,6,145,46,28.06,57.17,0.933,560
796,17,10,2026,8,114,64,21.05,58.22,0.926,560
797,20,10,2026,8,160,49,21.69,51.61,0.91,345.69
798,8,10,2026,2,109,67,19.74,36.66,0.975,204.2
799,9,10,2026,2,123,74,22.97,49.38,0.841,560
800,11,10,2026,12,149,24,21.31,28.99,0.924,332.5
801,14,10,2026,11,138,100,20.66,68,0.908,560
802,10,10,2026,11,160,72,24.31,64.14,0.924,560
803,9,10,2026,7,138,49,21.83,51.62,0.898,560
804,19,10,2026,8,112,17,22.44,25.3,0.86,215.8
805,15,10,2026,9,101,60,23.17,32.24,0.948,343.45
806,14,10,2026,1,102,74,25.35,67.57,0.925,560
807,13,10,2026,3,119,49,20.01,33.56,0.948,316.27
808,14,10,2026,9,154,28,23.96,33.32,0.906,410.8
809,17,10,2026,6,149,74,23.03,42.85,0.912,364.34
810,7,10,2026,11,121,84,21.07,49.19,0.951,300.73
811,10,10,2026,4,115,37,20.17,37.08,0.902,459.97
812,12,10,2026,1,129,58,21.67,45.6,0.868,560
813,14,10,2026,10,101,76,23.13,41.5,0.943,492.32
814,12,10,2026,8,132,74,25.07,29.99,0.927,333.36
815,10,10,2026,8,140,77,19.07,56.31,0.868,560
816,13,10,2026,4,139,76,23.33,39.19,0.92,400.7
817,8,10,2026,10,151,32,22.78,31.9,0.923,208.41
818,17,10,2026,9,120,54,24.33,57.71,0.879,560
819,9,10,2026,1,140,42,18,28.81,0.897,362.71
820,21,10,2026,11,134,30,25.52,28.77,0.988,204.45
821,7,10,2026,9,112,46,24.67,33.21,0.959,170.43
822,20,10,2026,2,140,62,24.28,53.19,0.936,338.59
823,16,10,2026,4,125,55,25.1,57.0,0.922,509.88
824,13,10,2026,11,157,61,25.11,44.85,0.93,502.06
825,17,10,2026,9,111,51,22.7,56.54,0.841,560
826,11,10,2026,2,157,43,29.53,34.55,0.871,342.94
827,20,10,2026,12,153,61,24.52,68,0.817,560
828,21,10,2026,9,116,7,22.09,18.96,0.854,109.79
829,20,10,2026,10,147,26,26.57,55.1,0.952,498.92
830,14,10,2026,7,116,100,24.06,38.64,0.849,348.83
831,15,10,2026,7,130,31,18,40.42,0.845,421.04
832,7,10,2026,11,157,15,18.86,19.81,0.86,127.82
833,19,10,2026,11,115,54,26.35,55.01,0.862,560
834,10,10,2026,8,124,30,31.02,31.48,0.99,301.58
835,21,10,2026,4,119,66,29.51,49.82,0.882,297.38
836,7,10,2026,5,155,32,27.96,49.96,0.845,373.84
837,12,10,2026,12,127,84,19.51,48.17,0.855,477.79
838,20,10,2026,9,147,78,21.25,68,0.914,500.59
839,14,10,2026,11,108,69,23.43,33.07,0.959,335.02
840,19,10,2026,11,148,89,26.15,45.48,0.83,387.76
841,20,11,2026,12,108,52,28.22,39.2,0.846,217.55
842,21,11,2026,7,160,62,25.63,52.15,0.919,408.84
843,16,11,2026,11,114,100,19.17,68,0.969,560
844,11,11,2026,3,105,68,25.42,53.63,0.904,560
845,19,11,2026,8,152,49,22.31,27.07,0.885,248.76
846,14,11,2026,7,108,37,21.8,25.11,0.926,293.73
847,10,11,2026,7,111,44,24.57,54.62,0.94,560
848,17,11,2026,11,129,43,26.55,65.61,0.985,560
849,10,11,2026,12,124,45,18.92,26.3,0.928,271.62
850,21,11,2026,6,138,68,30.93,68,0.856,549.67
851,11,11,2026,9,139,10,29.27,31.99,0.891,414.11
852,9,11,2026,9,131,58,29.22,42.91,0.934,510.76
853,9,11,2026,5,107,31,31.32,27.16,0.911,363.84
854,21,11,2026,5,139,72,26.94,36.57,0.867,256.32
855,18,11,2026,8,148,81,22.47,39.82,0.883,310.65
856,9,11,2026,1,130,61,23.35,52.64,0.79,560
857,7,11,2026,8,122,83,23.38,44.27,0.915,298.97
858,10,11,2026,5,111,71,26.19,61.68,0.933,560
859,10,11,2026,10,100,26,23.02,41.0,0.918,551.61
860,7,11,2026,5,143,13,25.17,25.89,0.846,224.61
861,12,11,2026,3,101,91,26.41,45.36,0.873,469.28
862,7,11,2026,11,139,53,26.18,42.17,0.902,254.61
863,16,11,2026,3,113,80,19.56,35.65,0.98,295.07
864,8,11,2026,7,116,46,27.05,39.76,0.921,198.65
865,9,11,2026,7,149,29,26.14,35.5,0.903,408.82
866,21,11,2026,5,157,20,23.02,23.77,0.872,141.55
867,14,11,2026,8,156,41,25.18,26.97,0.9,278.26
868,17,11,2026,7,105,65,26.31,59.69,0.882,560
869,9,11,2026,8,133,36,20.99,29.28,0.952,334.43
870,9,11,2026,11,157,56,22.94,43.39,0.863,482.58
871,21,11,2026,1,132,73,25.63,36.25,0.943,182.07
872,8,11,2026,9,101,71,26.98,51.42,0.921,332.99
873,8,11,2026,7,156,49,21.15,24.95,0.844,162.05
874,21,11,2026,3,113,36,25.62,37.55,0.846,199.82
875,15,11,2026,1,100,52,23.95,41.41,0.873,436.13
876,18,11,2026,8,119,24,18,16.4,0.872,248.41
877,13,11,2026,5,105,57,24.0,50.72,0.915,560
878,17,11,2026,3,141,43,23.95,56.63,0.941,560
879,19,11,2026,8,109,50,23.75,38.49,0.93,396.11
880,20,11,2026,8,137,49,23.77,40.4,0.929,239.34
881,8,11,2026,11,154,40,18,34.4,0.857,209.89
882,14,11,2026,7,131,48,18.85,30.04,0.99,319.81
883,10,11,2026,12,103,32,23.09,34.18,0.923,391.39
884,14,11,2026,10,160,67,21.66,52.41,0.888,560
885,14,11,2026,6,128,56,25.75,33.95,0.89,332.84
886,9,11,2026,5,146,28,21.82,16.8,0.94,232.83
887,19,11,2026,8,151,67,23.33,43.25,0.969,389.6
888,9,11,2026,10,131,56,26.16,45.71,0.944,494.47
889,7,11,2026,1,122,70,21.73,39.18,0.973,232.48
890,13,11,2026,2,139,56,24.21,39.8,0.783,395.59
891,19,11,2026,1,149,67,22.01,38.13,0.96,307.61
892,21,11,2026,8,151,24,18.1,25.87,0.925,186.47
893,19,11,2026,2,152,30,22.28,20.74,0.927,156.41
894,18,11,2026,8,148,82,18.78,31.6,0.957,282.65
895,9,11,2026,2,154,72,31.22,46.96,0.905,468.72
896,9,11,2026,2,117,57,20.15,52.13,0.872,560
897,19,11,2026,9,126,57,22.06,51.18,0.949,560
898,17,11,2026,6,160,47,25.3,49.82,0.982,559.51
899,8,11,2026,6,120,24,26.64,39.03,0.926,459.41
900,16,11,2026,1,140,49,28.98,49.32,0.986,497.32
901,21,11,2026,11,144,37,22.81,26.93,0.822,169.48
902,21,11,2026,3,144,81,20.1,32.9,0.953,148.1
903,14,11,2026,12,122,84,20.26,44.01,0.925,507.52
904,18,11,2026,12,147,59,26.3,67.74,0.883,560
905,11,11,2026,9,121,55,21.88,44.5,0.922,453.25
906,18,11,2026,7,132,92,24.46,39.17,0.871,338.65
907,7,11,2026,11,160,68,25.43,62.57,0.866,500.45
908,16,11,2026,12,157,5,27.75,30.06,0.926,339.13
909,17,11,2026,12,136,38,19.45,22.31,0.906,195.48
910,12,11,2026,8,106,34,25.56,38.19,0.895,424.08
911,9,11,2026,8,113,35,24.61,28.81,0.901,354.78
912,14,11,2026,11,127,65,28.23,48.72,0.971,528.6
913,9,11,2026,3,132,79,27.04,39.44,0.955,351.48
914,14,11,2026,1,147,65,25.77,63.4,0.928,560
915,8,11,2026,2,123,49,23.28,51.37,0.942,393.68
916,19,11,2026,3,109,78,24.31,37.69,0.941,352.0
917,9,11,2026,12,131,82,23.7,50.53,0.915,532.38
918,12,11,2026,7,130,77,26.53,57.1,0.925,560
919,19,11,2026,8,142,13,25.54,25.67,0.974,285.39
920,13,11,2026,6,134,63,27.94,45.66,0.88,487.79
921,9,11,2026,12,101,19,21.31,27.8,0.86,344.94
922,16,11,2026,9,136,49,24.01,19.71,0.844,229.36
923,7,11,2026,2,142,67,22.91,43.35,0.918,231.99
924,14,11,2026,2,151,10,21.07,17.64,0.871,206.26
925,12,12,2026,7,111,17,27.03,46.61,0.938,560
926,9,12,2026,3,116,62,24.2,26.7,0.968,266.15
927,12,12,2026,3,101,50,21.54,32.7,0.923,350.79
928,21,12,2026,2,103,100,25.47,54.81,0.87,305.3
929,13,12,2026,2,117,77,25.25,60.84,0.935,560
930,11,12,2026,9,137,100,22.98,48.59,0.844,527.25
931,13,12,2026,8,105,69,21.09,54.08,0.888,560
932,13,12,2026,9,128,69,29.3,40.55,0.964,394.89
933,9,12,2026,1,103,78,22.6,32.05,0.866,349.19
934,16,12,2026,9,118,80,28.72,53.84,0.879,510.55
935,8,12,2026,3,146,38,23.16,24.31,0.933,173.14
936,12,12,2026,11,116,85,28.67,42.05,0.902,461.49
937,10,12,2026,8,138,31,29.85,66.05,0.977,560
938,9,12,2026,7,135,55,27.7,53.25,0.914,560
939,17,12,2026,11,104,9,22.48,22.69,0.87,252.83
940,16,12,2026,6,124,51,26.27,36.38,0.908,293.31
941,21,12,2026,4,128,91,24.29,36.36,0.85,219.75
942,17,12,2026,5,151,92,23.56,43.61,0.872,422.09
943,21,12,2026,12,145,52,23.78,61.18,0.904,471.93
944,9,12,2026,9,112,80,21.92,30.36,0.889,303.91
945,9,12,2026,12,104,90,29.01,49.94,0.845,465.74
946,7,12,2026,12,143,97,21.76,50.87,0.869,330.07
947,17,12,2026,11,160,29,19.24,35.58,0.979,491.87
948,14,12,2026,6,133,73,24.35,34.54,0.915,446.92
949,14,12,2026,6,100,39,25.7,52.27,0.86,560
950,8,12,2026,4,112,88,25.32,39.23,0.897,206.97
951,19,12,2026,1,137,70,18,32.62,0.885,330.73
952,20,12,2026,6,133,44,25.97,27.26,0.919,196.03
953,17,12,2026,8,137,97,29.74,60.45,0.891,546.65
954,7,12,2026,8,103,18,22.66,32.49,0.965,236.19
955,11,12,2026,7,125,85,26.84,67.7,0.964,560
956,19,12,2026,7,156,56,22.99,27.88,0.875,233.07
957,15,12,2026,6,137,58,25.31,38.44,0.902,398.37
958,17,12,2026,9,116,81,21.89,38.52,0.891,308.92
959,7,12,2026,1,108,46,26.97,33.13,0.893,203.49
960,9,12,2026,8,119,29,22.02,27.53,0.957,347.69
961,9,12,2026,1,115,13,23.75,31.48,0.878,434.92
962,19,12,2026,2,121,100,25.27,52.41,0.894,432.29
963,20,12,2026,10,136,84,23.05,35.11,0.922,219.94
964,10,12,2026,1,140,48,24.37,45.84,0.889,556.29
965,20,12,2026,6,151,54,21.97,39.75,0.99,257.08
966,8,12,2026,3,118,57,20.06,33.29,0.942,200.59
967,10,12,2026,4,118,76,29.55,47.07,0.874,517.13
968,20,12,2026,5,158,59,28.55,47.21,0.948,324.92
969,12,12,2026,4,119,34,24.78,29.08,0.928,360.84
970,13,12,2026,12,104,25,28.57,35.89,0.928,377.4
971,18,12,2026,6,120,6,19.18,24.85,0.922,343.41
972,19,12,2026,3,120,80,24.08,62.45,0.906,560
973,16,12,2026,8,113,49,18.8,33.0,0.857,296.11
974,19,12,2026,9,123,84,20.65,68,0.893,560
975,18,12,2026,8,130,52,27.02,60.66,0.885,560
976,20,12,2026,4,125,69,24.62,58.67,0.893,439.24
977,11,12,2026,9,105,61,24.94,53.89,0.923,560
978,13,12,2026,8,129,61,21.38,60.17,0.878,560
979,14,12,2026,4,116,42,21.76,29.85,0.948,242.38
980,21,12,2026,4,106,24,26.08,31.98,0.875,213.8
981,11,12,2026,5,147,68,19.83,54.3,0.972,560
982,18,12,2026,9,158,54,23.64,45.97,0.903,449.49
983,13,12,2026,10,148,41,21.19,19.45,0.905,248.26
984,18,12,2026,4,130,64,24.41,57.63,0.867,560
985,12,12,2026,2,120,68,21.38,51.08,0.895,560
986,9,12,2026,10,155,50,28.98,67.23,0.983,560
987,12,12,2026,4,126,22,26.26,45.51,0.849,560
988,7,12,2026,3,109,40,33.54,39.46,0.845,261.48
989,16,12,2026,7,124,61,26.86,31.04,0.904,271.05
990,21,12,2026,5,105,44,26.13,53.7,0.943,443.4
991,7,12,2026,3,112,100,27.26,39.31,0.938,228.95
992,15,12,2026,1,110,58,20.95,49.46,0.816,545.42
993,13,12,2026,8,147,100,27.13,68,0.894,560
994,14,12,2026,3,138,69,21.7,54.83,0.929,560
995,10,12,2026,1,109,16,25.87,22.16,0.892,259.55
996,14,12,2026,10,102,44,23.8,54.53,0.942,560
997,18,12,2026,5,125,24,20.44,33.77,0.937,404.66
998,21,12,2026,11,111,30,23.57,50.89,0.906,464.43
999,9,12,2026,5,156,42,22.2,29.52,0.879,279.24
1000,19,12,2026,9,107,80,25.2,48.07,0.964,493.37
