id_tiempo,hora,mes,anio,id_edificio,id_ambiente,ocupacion,temperatura,demanda_pico_kw,factor_potencia,consumo_kwh,nombre_edificio,tipo_ambiente
1,10,7,2026,6,111,85,28.27,33.08,0.843,501.68,Edificio 6,Laboratorio
2,20,4,2026,1,140,80,22.28,47.18,0.825,436.09,Pabellón A,Biblioteca
3,17,11,2026,10,146,12,27.09,58.09,0.969,255.49,Edificio 10,Oficina
4,20,8,2026,6,117,19,21.54,56.09,0.852,315.3,Edificio 6,Biblioteca
5,20,5,2026,1,120,98,21.59,60.97,0.842,530.9,Pabellón A,Oficina
6,20,7,2026,6,112,44,19.28,63.34,0.963,381.28,Edificio 6,Aula
7,21,10,2026,10,120,89,23.28,59.38,0.955,560.0,Edificio 10,Aula
8,14,3,2026,8,107,11,26.76,55.52,0.885,370.24,Edificio 8,Biblioteca
9,13,7,2026,11,145,33,29.28,31.21,0.893,434.5,Edificio 11,Auditorio
10,15,11,2026,2,139,83,25.25,50.33,0.841,560.0,Laboratorio Central,Oficina
11,13,11,2026,2,145,47,28.36,31.43,0.815,483.2,Laboratorio Central,Laboratorio
12,9,8,2026,12,106,31,27.87,60.71,0.909,399.61,Edificio 12,Biblioteca
13,9,5,2026,4,122,35,20.08,42.19,0.819,276.14,Edificio 4,Laboratorio
14,21,4,2026,11,143,52,23.83,51.37,0.885,363.27,Edificio 11,Biblioteca
15,14,8,2026,3,131,64,19.4,40.62,0.979,465.87,Administrativo,Auditorio
16,11,8,2026,4,110,48,26.19,59.74,0.981,426.35,Edificio 4,Auditorio
17,10,3,2026,12,121,100,29.4,63.69,0.845,560.0,Edificio 12,Auditorio
18,14,6,2026,7,121,38,19.65,45.15,0.919,305.44,Edificio 7,Administrativo
19,21,5,2026,11,142,29,26.81,62.79,0.89,353.12,Edificio 11,Auditorio
20,12,2,2026,1,124,100,25.59,40.15,0.966,560.0,Pabellón A,Aula
21,8,8,2026,6,121,50,25.0,50.32,0.852,358.15,Edificio 6,Aula
22,10,12,2026,3,127,63,22.68,62.63,0.801,471.83,Administrativo,Administrativo
23,18,6,2026,11,128,29,22.26,42.38,0.831,376.86,Edificio 11,Oficina
24,17,2,2026,10,112,28,18.54,66.25,0.866,238.79,Edificio 10,Laboratorio
25,10,12,2026,7,117,93,20.61,34.63,0.86,420.55,Edificio 7,Biblioteca
26,21,5,2026,10,101,75,18.18,30.69,0.95,442.68,Edificio 10,Biblioteca
27,12,1,2026,2,128,39,24.98,64.36,0.929,459.8,Laboratorio Central,Administrativo
28,12,12,2026,2,120,62,19.27,32.61,0.857,357.92,Laboratorio Central,Aula
29,7,10,2026,4,114,43,28.48,67.69,0.887,345.46,Edificio 4,Biblioteca
30,20,6,2026,1,151,31,24.28,66.15,0.818,437.34,Pabellón A,Aula
31,14,12,2026,3,126,76,26.4,35.21,0.971,429.12,Administrativo,Oficina
32,12,9,2026,9,149,15,22.93,50.43,0.978,267.25,Edificio 9,Laboratorio
33,9,1,2026,7,130,88,24.73,37.03,0.986,513.67,Edificio 7,Oficina
34,20,11,2026,7,114,36,29.31,46.27,0.965,344.3,Edificio 7,Administrativo
35,15,11,2026,11,150,19,18.99,32.33,0.833,200.98,Edificio 11,Auditorio
36,8,10,2026,4,122,82,21.05,38.51,0.809,426.07,Edificio 4,Auditorio
37,21,12,2026,2,123,57,27.36,43.8,0.91,510.41,Laboratorio Central,Auditorio
38,17,12,2026,4,143,79,19.18,46.67,0.973,514.22,Edificio 4,Oficina
39,14,3,2026,6,112,68,18.91,67.14,0.834,492.28,Edificio 6,Biblioteca
40,16,12,2026,11,121,68,22.34,60.7,0.801,372.31,Edificio 11,Laboratorio
41,9,7,2026,11,142,11,19.11,58.02,0.953,292.81,Edificio 11,Auditorio
42,19,4,2026,3,136,38,25.02,50.41,0.815,391.11,Administrativo,Administrativo
43,18,9,2026,1,132,77,20.72,61.92,0.879,436.32,Pabellón A,Administrativo
44,11,3,2026,12,155,74,28.75,42.89,0.929,497.97,Edificio 12,Auditorio
45,12,5,2026,8,102,92,27.4,56.94,0.845,560.0,Edificio 8,Auditorio
46,16,3,2026,12,153,35,26.4,67.76,0.816,425.14,Edificio 12,Laboratorio
47,12,7,2026,5,118,98,25.4,41.96,0.946,513.91,Edificio 5,Auditorio
48,10,5,2026,5,122,19,28.36,55.61,0.92,334.42,Edificio 5,Laboratorio
49,9,9,2026,11,128,62,20.68,62.08,0.988,478.83,Edificio 11,Administrativo
50,10,7,2026,4,129,88,28.48,64.8,0.865,560.0,Edificio 4,Auditorio
51,7,2,2026,6,138,68,27.47,57.28,0.812,545.95,Edificio 6,Oficina
52,10,4,2026,3,143,31,26.98,40.78,0.94,353.47,Administrativo,Oficina
53,7,9,2026,9,146,60,24.74,42.4,0.899,454.38,Edificio 9,Administrativo
54,18,12,2026,5,124,57,20.95,30.79,0.841,405.69,Edificio 5,Laboratorio
55,21,2,2026,3,136,30,23.08,58.91,0.949,301.22,Administrativo,Oficina
56,7,10,2026,11,146,31,27.52,31.62,0.839,322.29,Edificio 11,Laboratorio
57,16,9,2026,1,107,39,18.38,62.86,0.85,347.46,Pabellón A,Oficina
58,20,10,2026,10,141,34,27.38,34.51,0.818,381.69,Edificio 10,Oficina
59,12,5,2026,12,157,37,20.88,36.53,0.876,336.71,Edificio 12,Laboratorio
60,11,2,2026,6,115,74,19.73,48.11,0.88,443.2,Edificio 6,Biblioteca
61,20,4,2026,2,107,54,19.39,58.04,0.898,348.15,Laboratorio Central,Oficina
62,17,12,2026,3,100,77,18.33,35.28,0.935,356.75,Administrativo,Auditorio
63,21,12,2026,1,143,16,24.28,46.72,0.972,300.01,Pabellón A,Administrativo
64,10,7,2026,9,104,58,20.62,48.35,0.826,373.13,Edificio 9,Biblioteca
65,19,12,2026,8,102,18,29.87,38.07,0.81,333.07,Edificio 8,Laboratorio
66,17,8,2026,12,100,45,24.89,34.39,0.804,283.29,Edificio 12,Biblioteca
67,9,3,2026,2,103,92,19.65,61.78,0.827,560.0,Laboratorio Central,Aula
68,7,1,2026,12,139,10,26.27,49.09,0.925,311.4,Edificio 12,Aula
69,12,4,2026,11,134,19,28.77,30.55,0.938,290.21,Edificio 11,Oficina
70,8,2,2026,8,131,45,26.94,60.51,0.949,495.46,Edificio 8,Oficina
71,14,8,2026,12,141,82,18.92,67.27,0.846,554.22,Edificio 12,Auditorio
72,16,4,2026,9,133,55,28.75,53.03,0.858,424.43,Edificio 9,Administrativo
73,11,2,2026,1,142,41,27.53,49.14,0.892,390.62,Pabellón A,Biblioteca
74,13,6,2026,5,124,41,19.9,63.38,0.812,289.07,Edificio 5,Aula
75,16,6,2026,8,109,15,18.62,66.2,0.916,341.39,Edificio 8,Oficina
76,18,10,2026,11,120,57,24.69,58.67,0.987,429.87,Edificio 11,Administrativo
77,8,4,2026,2,145,47,19.87,46.93,0.869,274.63,Laboratorio Central,Biblioteca
78,19,6,2026,4,138,26,28.02,52.5,0.943,295.12,Edificio 4,Oficina
79,14,2,2026,7,126,83,22.3,56.64,0.895,549.57,Edificio 7,Oficina
80,8,10,2026,3,126,36,28.95,37.38,0.824,427.33,Administrativo,Aula
81,10,12,2026,12,101,63,24.79,46.99,0.911,440.45,Edificio 12,Aula
82,7,2,2026,5,140,59,20.19,61.53,0.857,388.62,Edificio 5,Oficina
83,21,10,2026,8,147,44,19.68,54.88,0.807,305.03,Edificio 8,Laboratorio
84,11,4,2026,12,112,94,24.92,45.63,0.921,560.0,Edificio 12,Oficina
85,15,8,2026,10,108,34,27.14,55.21,0.963,395.15,Edificio 10,Administrativo
86,7,7,2026,3,151,37,27.38,34.49,0.866,329.42,Administrativo,Oficina
87,15,12,2026,4,135,24,21.31,45.26,0.874,268.3,Edificio 4,Auditorio
88,17,9,2026,9,121,13,20.45,60.14,0.969,314.36,Edificio 9,Auditorio
89,21,8,2026,7,141,82,18.2,38.38,0.955,479.15,Edificio 7,Auditorio
90,14,5,2026,1,125,36,26.15,37.07,0.936,299.74,Pabellón A,Laboratorio
91,12,2,2026,12,157,35,18.92,66.13,0.847,307.45,Edificio 12,Laboratorio
92,13,5,2026,4,153,28,23.05,37.98,0.973,251.67,Edificio 4,Oficina
93,9,8,2026,4,111,26,25.22,39.91,0.829,288.05,Edificio 4,Auditorio
94,20,10,2026,9,116,52,29.25,66.85,0.919,435.31,Edificio 9,Laboratorio
95,21,9,2026,6,113,50,21.74,57.92,0.805,477.35,Edificio 6,Aula
96,7,12,2026,9,113,51,21.0,56.58,0.922,378.69,Edificio 9,Oficina
97,11,12,2026,12,156,59,25.85,62.41,0.853,406.64,Edificio 12,Administrativo
98,20,12,2026,6,133,93,25.43,34.4,0.885,459.84,Edificio 6,Biblioteca
99,18,9,2026,6,152,49,21.99,56.83,0.866,392.13,Edificio 6,Oficina
100,18,1,2026,5,156,48,29.14,49.14,0.833,335.58,Edificio 5,Biblioteca
101,8,9,2026,5,119,32,28.14,61.51,0.918,383.41,Edificio 5,Auditorio
102,20,7,2026,2,110,61,20.69,49.31,0.968,357.14,Laboratorio Central,Biblioteca
103,11,9,2026,8,115,56,20.87,53.57,0.982,462.83,Edificio 8,Auditorio
104,14,8,2026,8,150,72,24.15,48.15,0.837,472.7,Edificio 8,Aula
105,17,1,2026,11,130,78,27.28,48.17,0.936,560.0,Edificio 11,Biblioteca
106,15,12,2026,1,154,52,18.53,59.18,0.926,387.14,Pabellón A,Oficina
107,8,8,2026,8,105,57,26.32,53.89,0.865,300.85,Edificio 8,Auditorio
108,18,8,2026,5,155,43,25.78,54.06,0.804,460.22,Edificio 5,Oficina
109,9,11,2026,2,118,49,20.78,47.11,0.931,397.51,Laboratorio Central,Laboratorio
110,9,3,2026,2,136,84,26.18,50.18,0.98,549.62,Laboratorio Central,Auditorio
111,7,1,2026,6,157,70,29.28,58.34,0.92,461.96,Edificio 6,Biblioteca
112,14,8,2026,11,103,59,18.56,61.39,0.883,422.45,Edificio 11,Auditorio
113,12,3,2026,9,146,76,21.84,56.47,0.9,493.73,Edificio 9,Oficina
114,18,3,2026,1,103,71,23.26,65.11,0.838,483.02,Pabellón A,Aula
115,19,1,2026,12,119,67,28.79,61.17,0.943,422.64,Edificio 12,Auditorio
116,14,11,2026,6,109,42,29.55,51.35,0.942,529.44,Edificio 6,Biblioteca
117,17,5,2026,9,123,84,23.33,55.51,0.828,554.08,Edificio 9,Laboratorio
118,15,10,2026,8,153,25,27.0,65.2,0.967,384.33,Edificio 8,Administrativo
119,11,7,2026,11,134,91,24.38,53.53,0.851,560.0,Edificio 11,Aula
120,20,10,2026,6,125,57,24.45,61.34,0.987,476.32,Edificio 6,Laboratorio
121,18,9,2026,3,136,19,21.34,56.17,0.873,269.37,Administrativo,Auditorio
122,20,12,2026,8,137,91,20.6,50.97,0.834,560.0,Edificio 8,Oficina
123,9,7,2026,9,120,47,21.46,39.19,0.867,394.43,Edificio 9,Oficina
124,11,9,2026,1,153,28,24.68,46.19,0.884,296.61,Pabellón A,Biblioteca
125,11,8,2026,12,139,45,18.35,66.77,0.813,424.84,Edificio 12,Oficina
126,11,12,2026,9,138,68,28.89,55.0,0.91,481.22,Edificio 9,Aula
127,9,2,2026,6,120,72,19.88,51.45,0.914,462.08,Edificio 6,Oficina
128,17,1,2026,6,109,86,20.64,65.45,0.94,556.28,Edificio 6,Biblioteca
129,20,7,2026,12,137,55,24.22,52.29,0.806,483.26,Edificio 12,Administrativo
130,16,7,2026,4,145,12,26.52,49.99,0.903,261.91,Edificio 4,Auditorio
131,20,8,2026,1,103,83,19.15,58.85,0.81,515.47,Pabellón A,Auditorio
132,10,5,2026,10,159,74,21.81,57.08,0.933,560.0,Edificio 10,Oficina
133,15,3,2026,8,156,100,29.62,37.34,0.811,554.86,Edificio 8,Laboratorio
134,19,12,2026,2,144,17,21.15,47.91,0.973,284.82,Laboratorio Central,Auditorio
135,16,8,2026,12,119,60,21.76,47.96,0.933,507.36,Edificio 12,Administrativo
136,15,6,2026,1,116,90,28.04,44.37,0.896,560.0,Pabellón A,Oficina
137,8,11,2026,2,154,82,18.6,49.66,0.884,408.39,Laboratorio Central,Biblioteca
138,14,3,2026,1,106,15,23.58,45.7,0.825,241.5,Pabellón A,Administrativo
139,14,1,2026,1,103,98,22.56,37.58,0.855,552.59,Pabellón A,Oficina
140,13,3,2026,9,128,48,21.8,45.67,0.965,392.98,Edificio 9,Administrativo
141,14,5,2026,1,113,69,21.43,32.75,0.972,420.77,Pabellón A,Auditorio
142,20,3,2026,4,102,37,19.1,51.88,0.8,434.92,Edificio 4,Biblioteca
143,9,1,2026,10,123,63,21.78,62.44,0.913,427.59,Edificio 10,Oficina
144,19,5,2026,6,136,46,18.52,57.56,0.937,371.57,Edificio 6,Aula
145,12,10,2026,7,115,18,27.37,43.69,0.918,213.49,Edificio 7,Biblioteca
146,7,7,2026,2,157,91,22.78,33.31,0.816,543.95,Laboratorio Central,Aula
147,13,7,2026,6,154,65,23.33,37.68,0.841,384.06,Edificio 6,Administrativo
148,21,11,2026,7,151,68,28.72,50.73,0.848,530.23,Edificio 7,Laboratorio
149,21,9,2026,10,103,94,25.9,37.87,0.958,560.0,Edificio 10,Biblioteca
150,7,10,2026,10,155,11,18.1,50.67,0.888,352.75,Edificio 10,Administrativo
151,15,10,2026,2,123,70,29.32,38.8,0.892,497.42,Laboratorio Central,Aula
152,7,12,2026,2,133,67,20.85,62.26,0.978,447.15,Laboratorio Central,Auditorio
153,7,3,2026,10,129,69,19.29,45.1,0.921,447.86,Edificio 10,Auditorio
154,21,7,2026,7,117,49,27.22,39.33,0.971,357.39,Edificio 7,Laboratorio
155,13,1,2026,12,118,45,24.01,60.87,0.887,420.15,Edificio 12,Biblioteca
156,8,4,2026,1,130,46,23.21,43.03,0.828,360.27,Pabellón A,Biblioteca
157,20,4,2026,8,159,88,20.99,34.24,0.977,471.86,Edificio 8,Biblioteca
158,11,5,2026,11,159,27,24.57,51.68,0.887,292.18,Edificio 11,Administrativo
159,14,7,2026,3,118,72,21.29,52.1,0.835,474.57,Administrativo,Laboratorio
160,14,7,2026,11,148,31,28.82,57.16,0.857,414.71,Edificio 11,Biblioteca
161,9,11,2026,6,145,20,20.58,39.13,0.81,190.82,Edificio 6,Administrativo
162,13,4,2026,9,118,67,28.61,46.86,0.889,440.18,Edificio 9,Auditorio
163,9,7,2026,6,121,66,24.71,40.73,0.962,443.77,Edificio 6,Aula
164,12,11,2026,9,123,86,27.94,33.08,0.977,395.43,Edificio 9,Administrativo
165,12,3,2026,7,144,13,26.55,63.31,0.977,399.28,Edificio 7,Auditorio
166,9,6,2026,9,111,95,26.36,57.7,0.824,539.2,Edificio 9,Auditorio
167,13,12,2026,2,129,16,21.89,41.46,0.873,221.36,Laboratorio Central,Aula
168,9,2,2026,12,157,70,20.81,52.78,0.805,444.28,Edificio 12,Auditorio
169,14,10,2026,8,137,63,20.53,37.65,0.962,405.73,Edificio 8,Laboratorio
170,16,9,2026,8,152,97,28.29,63.83,0.868,560.0,Edificio 8,Aula
171,10,5,2026,2,130,77,27.85,34.37,0.92,518.51,Laboratorio Central,Auditorio
172,21,6,2026,12,135,88,23.29,30.15,0.936,496.34,Edificio 12,Oficina
173,21,12,2026,4,118,10,19.59,49.08,0.882,210.43,Edificio 4,Administrativo
174,19,12,2026,11,147,64,22.59,52.16,0.858,418.56,Edificio 11,Auditorio
175,7,12,2026,7,144,12,25.43,52.0,0.983,221.3,Edificio 7,Laboratorio
176,10,12,2026,11,135,87,23.45,32.07,0.983,423.39,Edificio 11,Biblioteca
177,20,4,2026,4,129,47,27.36,41.93,0.855,408.5,Edificio 4,Auditorio
178,13,11,2026,4,154,10,29.97,48.97,0.891,262.58,Edificio 4,Biblioteca
179,17,10,2026,6,148,47,20.29,38.23,0.985,429.5,Edificio 6,Oficina
180,10,7,2026,10,154,94,23.52,63.16,0.801,560.0,Edificio 10,Auditorio
181,19,12,2026,6,132,38,23.17,33.31,0.878,263.19,Edificio 6,Aula
182,12,9,2026,10,117,14,21.65,48.52,0.819,218.64,Edificio 10,Biblioteca
183,15,7,2026,3,151,83,20.38,56.27,0.897,547.42,Administrativo,Oficina
184,7,1,2026,9,148,30,18.79,39.95,0.805,286.41,Edificio 9,Aula
185,19,1,2026,12,158,80,28.65,53.72,0.877,560.0,Edificio 12,Aula
186,11,9,2026,10,127,76,23.04,61.52,0.842,484.95,Edificio 10,Aula
187,17,11,2026,11,158,56,23.96,37.23,0.901,368.25,Edificio 11,Aula
188,13,9,2026,2,146,93,29.0,64.85,0.989,560.0,Laboratorio Central,Auditorio
189,7,4,2026,6,110,92,27.32,51.04,0.952,514.44,Edificio 6,Administrativo
190,20,9,2026,12,156,44,19.57,41.37,0.961,363.4,Edificio 12,Auditorio
191,10,3,2026,7,159,77,24.79,46.37,0.921,473.56,Edificio 7,Auditorio
192,12,7,2026,12,153,78,23.31,41.86,0.808,509.41,Edificio 12,Oficina
193,8,6,2026,9,144,10,27.57,57.55,0.839,386.78,Edificio 9,Oficina
194,16,8,2026,3,132,77,26.69,60.26,0.976,502.72,Administrativo,Administrativo
195,11,11,2026,10,116,21,26.28,61.65,0.87,317.28,Edificio 10,Oficina
196,17,9,2026,3,105,69,22.09,67.46,0.82,516.13,Administrativo,Laboratorio
197,16,5,2026,7,103,36,27.66,60.07,0.933,344.95,Edificio 7,Administrativo
198,7,1,2026,4,119,65,18.63,52.85,0.857,499.59,Edificio 4,Oficina
199,12,3,2026,8,147,32,19.92,42.89,0.851,372.85,Edificio 8,Administrativo
200,12,10,2026,7,146,34,22.03,50.69,0.99,295.37,Edificio 7,Auditorio
201,19,12,2026,5,126,30,18.92,31.56,0.963,202.48,Edificio 5,Auditorio
202,21,8,2026,7,114,70,20.82,58.3,0.878,412.47,Edificio 7,Administrativo
203,21,11,2026,3,105,72,27.96,46.95,0.986,432.56,Administrativo,Laboratorio
204,10,6,2026,12,146,61,29.38,30.76,0.924,459.7,Edificio 12,Laboratorio
205,19,8,2026,2,113,97,21.66,32.38,0.941,560.0,Laboratorio Central,Administrativo
206,14,9,2026,6,159,34,21.17,44.72,0.806,359.65,Edificio 6,Oficina
207,10,4,2026,2,110,64,21.36,52.17,0.823,425.31,Laboratorio Central,Biblioteca
208,14,1,2026,3,138,55,21.33,47.64,0.92,413.34,Administrativo,Laboratorio
209,21,1,2026,6,108,41,18.43,53.53,0.971,311.27,Edificio 6,Aula
210,19,10,2026,5,125,64,29.12,48.25,0.919,516.27,Edificio 5,Auditorio
211,14,4,2026,8,115,14,20.56,55.14,0.825,297.32,Edificio 8,Administrativo
212,11,12,2026,9,104,45,23.04,38.33,0.822,390.65,Edificio 9,Aula
213,19,7,2026,11,156,58,18.12,34.29,0.96,332.04,Edificio 11,Administrativo
214,21,2,2026,3,151,67,28.3,52.66,0.826,473.63,Administrativo,Auditorio
215,10,3,2026,12,109,48,26.77,48.42,0.899,436.92,Edificio 12,Auditorio
216,18,1,2026,10,149,89,29.36,31.02,0.807,560.0,Edificio 10,Laboratorio
217,19,5,2026,3,102,94,27.38,44.46,0.815,519.26,Administrativo,Laboratorio
218,8,1,2026,3,112,70,21.76,34.03,0.928,455.98,Administrativo,Aula
219,17,8,2026,6,142,18,20.97,50.19,0.931,250.79,Edificio 6,Administrativo
220,21,1,2026,1,148,15,26.37,45.04,0.865,385.2,Pabellón A,Auditorio
221,9,11,2026,7,129,44,22.37,53.3,0.841,360.58,Edificio 7,Aula
222,9,1,2026,12,153,48,24.79,60.61,0.955,447.73,Edificio 12,Biblioteca
223,10,2,2026,1,144,31,18.08,41.39,0.841,299.83,Pabellón A,Aula
224,10,2,2026,5,105,50,18.74,66.56,0.903,524.06,Edificio 5,Oficina
225,16,12,2026,10,116,14,24.42,50.35,0.984,297.95,Edificio 10,Aula
226,17,6,2026,8,158,51,24.79,53.5,0.828,390.97,Edificio 8,Oficina
227,17,7,2026,4,144,96,27.02,55.87,0.979,560.0,Edificio 4,Oficina
228,11,5,2026,5,150,90,19.58,55.34,0.835,544.36,Edificio 5,Oficina
229,10,1,2026,4,152,85,24.16,49.42,0.908,504.55,Edificio 4,Biblioteca
230,17,1,2026,12,118,96,20.33,46.29,0.872,472.17,Edificio 12,Aula
231,20,3,2026,12,141,89,19.12,32.04,0.983,440.72,Edificio 12,Aula
232,16,2,2026,4,134,76,22.93,30.84,0.852,479.2,Edificio 4,Biblioteca
233,14,5,2026,12,145,39,19.96,43.6,0.876,253.16,Edificio 12,Auditorio
234,12,12,2026,8,125,66,20.66,42.68,0.987,408.7,Edificio 8,Laboratorio
235,12,10,2026,2,150,95,21.81,44.73,0.902,560.0,Laboratorio Central,Aula
236,14,6,2026,1,104,82,21.11,35.26,0.895,454.26,Pabellón A,Laboratorio
237,13,7,2026,3,128,38,19.05,58.05,0.849,450.77,Administrativo,Administrativo
238,21,4,2026,9,136,46,19.08,62.56,0.933,309.21,Edificio 9,Administrativo
239,16,7,2026,4,119,96,20.32,65.67,0.803,516.88,Edificio 4,Biblioteca
240,20,11,2026,10,148,22,18.61,48.71,0.809,176.71,Edificio 10,Administrativo
241,17,8,2026,5,120,41,25.52,56.63,0.914,481.78,Edificio 5,Administrativo
242,18,11,2026,2,109,55,21.45,62.51,0.865,385.75,Laboratorio Central,Auditorio
243,16,1,2026,4,104,32,21.36,45.9,0.981,231.59,Edificio 4,Auditorio
244,19,6,2026,2,135,54,21.98,41.76,0.972,358.68,Laboratorio Central,Auditorio
245,14,8,2026,2,105,26,25.95,65.6,0.936,301.47,Laboratorio Central,Administrativo
246,20,5,2026,4,125,94,28.45,49.6,0.955,535.03,Edificio 4,Biblioteca
247,8,4,2026,6,103,75,27.11,48.9,0.927,495.21,Edificio 6,Oficina
248,15,2,2026,7,138,15,26.73,36.78,0.824,311.43,Edificio 7,Oficina
249,7,6,2026,10,138,27,23.81,34.11,0.945,285.81,Edificio 10,Laboratorio
250,21,6,2026,3,149,31,26.33,62.0,0.84,375.99,Administrativo,Oficina
251,14,11,2026,3,134,42,24.63,53.34,0.861,358.06,Administrativo,Oficina
252,18,1,2026,10,100,39,20.6,42.38,0.956,264.53,Edificio 10,Auditorio
253,17,9,2026,6,123,90,20.5,37.29,0.902,401.99,Edificio 6,Auditorio
254,18,12,2026,12,156,41,21.56,51.11,0.963,344.82,Edificio 12,Administrativo
255,18,11,2026,3,135,51,28.93,52.19,0.84,436.04,Administrativo,Laboratorio
256,10,6,2026,2,105,87,24.57,37.87,0.915,477.25,Laboratorio Central,Aula
257,10,3,2026,8,140,19,26.81,62.35,0.816,258.13,Edificio 8,Laboratorio
258,11,4,2026,5,153,45,22.16,33.2,0.922,350.26,Edificio 5,Laboratorio
259,14,12,2026,1,145,43,22.89,43.53,0.945,432.43,Pabellón A,Biblioteca
260,11,11,2026,3,159,82,19.51,55.85,0.911,486.49,Administrativo,Administrativo
261,14,4,2026,10,143,37,20.06,40.42,0.851,293.46,Edificio 10,Biblioteca
262,21,3,2026,8,159,20,27.93,61.45,0.806,343.83,Edificio 8,Laboratorio
263,16,10,2026,4,156,87,25.02,58.11,0.823,490.02,Edificio 4,Laboratorio
264,7,3,2026,7,130,48,22.05,59.98,0.918,351.21,Edificio 7,Laboratorio
265,18,3,2026,10,119,56,27.63,34.53,0.978,426.72,Edificio 10,Oficina
266,21,4,2026,12,123,28,20.96,35.34,0.839,329.64,Edificio 12,Biblioteca
267,16,7,2026,2,124,24,29.71,40.89,0.94,320.51,Laboratorio Central,Laboratorio
268,15,4,2026,7,135,37,22.14,49.69,0.965,259.66,Edificio 7,Auditorio
269,12,9,2026,5,120,33,22.05,58.42,0.899,368.59,Edificio 5,Administrativo
270,9,1,2026,5,129,81,21.74,61.79,0.927,560.0,Edificio 5,Administrativo
271,19,8,2026,6,123,18,19.47,56.76,0.955,277.49,Edificio 6,Auditorio
272,20,7,2026,9,143,56,19.33,65.29,0.85,418.43,Edificio 9,Administrativo
273,14,2,2026,6,141,42,25.78,58.07,0.856,360.17,Edificio 6,Oficina
274,15,8,2026,12,129,71,28.5,41.64,0.8,494.64,Edificio 12,Oficina
275,12,1,2026,8,121,28,27.49,40.07,0.983,297.0,Edificio 8,Aula
276,17,11,2026,7,127,76,19.69,56.46,0.974,520.54,Edificio 7,Aula
277,13,12,2026,9,106,83,24.55,37.33,0.945,453.42,Edificio 9,Aula
278,7,9,2026,4,134,49,19.27,33.52,0.815,355.57,Edificio 4,Administrativo
279,20,9,2026,2,154,56,18.54,50.22,0.885,390.25,Laboratorio Central,Oficina
280,11,2,2026,7,127,74,25.88,61.22,0.819,560.0,Edificio 7,Oficina
281,11,7,2026,6,113,38,24.42,33.85,0.803,349.83,Edificio 6,Oficina
282,16,10,2026,1,155,59,18.98,60.09,0.917,486.3,Pabellón A,Auditorio
283,20,3,2026,11,109,22,18.42,60.84,0.983,309.07,Edificio 11,Oficina
284,10,7,2026,9,115,10,29.88,48.33,0.972,290.38,Edificio 9,Auditorio
285,12,12,2026,9,115,43,18.36,32.18,0.932,312.04,Edificio 9,Aula
286,13,10,2026,12,153,57,23.33,36.63,0.818,357.6,Edificio 12,Aula
287,15,9,2026,2,130,86,24.06,56.88,0.852,553.19,Laboratorio Central,Administrativo
288,7,4,2026,3,141,57,19.41,57.05,0.861,382.48,Administrativo,Aula
289,21,12,2026,5,124,58,20.03,64.14,0.945,439.09,Edificio 5,Administrativo
290,12,1,2026,5,112,73,22.22,52.14,0.952,507.46,Edificio 5,Laboratorio
291,13,2,2026,1,105,70,27.14,34.72,0.873,520.4,Pabellón A,Laboratorio
292,9,1,2026,8,143,38,24.08,34.61,0.879,338.55,Edificio 8,Biblioteca
293,14,12,2026,12,108,48,25.65,57.4,0.808,455.4,Edificio 12,Administrativo
294,21,5,2026,8,144,97,29.82,36.98,0.855,560.0,Edificio 8,Biblioteca
295,11,5,2026,4,135,35,27.22,42.48,0.886,335.85,Edificio 4,Biblioteca
296,21,11,2026,7,155,26,23.21,48.51,0.822,411.12,Edificio 7,Laboratorio
297,15,7,2026,11,142,80,23.36,30.94,0.886,428.75,Edificio 11,Administrativo
298,11,9,2026,10,119,22,25.43,39.46,0.962,300.56,Edificio 10,Laboratorio
299,15,9,2026,3,117,78,25.98,45.5,0.91,555.94,Administrativo,Biblioteca
300,16,3,2026,6,157,35,24.01,40.63,0.815,397.64,Edificio 6,Administrativo
301,10,3,2026,10,142,58,25.74,35.18,0.836,405.3,Edificio 10,Biblioteca
302,15,3,2026,10,156,76,18.28,57.66,0.89,514.49,Edificio 10,Oficina
303,11,4,2026,12,120,16,23.16,60.9,0.869,298.72,Edificio 12,Administrativo
304,16,8,2026,9,103,67,21.35,39.78,0.868,398.72,Edificio 9,Administrativo
305,15,6,2026,1,149,58,19.55,59.43,0.901,367.63,Pabellón A,Biblioteca
306,9,8,2026,5,132,62,19.19,44.65,0.911,436.22,Edificio 5,Oficina
307,21,1,2026,4,126,74,25.24,49.25,0.951,518.81,Edificio 4,Auditorio
308,10,8,2026,8,106,71,24.28,62.53,0.865,468.1,Edificio 8,Laboratorio
309,15,4,2026,11,105,26,21.04,58.5,0.953,337.46,Edificio 11,Biblioteca
310,16,11,2026,12,114,52,23.65,60.59,0.864,545.12,Edificio 12,Administrativo
311,17,1,2026,1,117,34,23.91,35.2,0.811,370.35,Pabellón A,Laboratorio
312,12,8,2026,9,131,12,20.34,32.65,0.905,184.83,Edificio 9,Laboratorio
313,8,4,2026,6,155,88,25.83,63.95,0.912,560.0,Edificio 6,Laboratorio
314,13,6,2026,4,110,38,27.37,44.74,0.978,327.57,Edificio 4,Auditorio
315,8,8,2026,12,119,41,27.5,40.94,0.938,240.3,Edificio 12,Aula
316,17,4,2026,9,123,35,25.23,57.54,0.974,372.31,Edificio 9,Biblioteca
317,8,3,2026,11,114,25,24.14,61.78,0.973,414.6,Edificio 11,Aula
318,17,9,2026,5,147,34,18.73,62.77,0.915,410.88,Edificio 5,Aula
319,7,3,2026,5,106,63,21.45,42.01,0.9,429.85,Edificio 5,Aula
320,17,9,2026,12,120,37,19.12,62.38,0.906,334.38,Edificio 12,Laboratorio
321,17,2,2026,5,141,82,29.57,31.56,0.986,515.26,Edificio 5,Oficina
322,18,2,2026,1,125,65,19.62,31.89,0.947,377.77,Pabellón A,Laboratorio
323,17,2,2026,1,143,74,19.82,53.69,0.82,440.17,Pabellón A,Laboratorio
324,9,6,2026,8,155,95,28.67,32.4,0.948,560.0,Edificio 8,Administrativo
325,12,3,2026,12,113,89,29.33,42.34,0.832,512.46,Edificio 12,Administrativo
326,14,9,2026,8,156,50,27.19,55.56,0.885,477.8,Edificio 8,Aula
327,15,4,2026,12,136,60,18.06,42.82,0.84,361.29,Edificio 12,Laboratorio
328,13,1,2026,6,157,80,18.02,36.82,0.931,532.37,Edificio 6,Aula
329,10,4,2026,12,120,87,22.54,40.69,0.967,418.65,Edificio 12,Administrativo
330,12,1,2026,11,117,38,19.72,47.39,0.855,291.93,Edificio 11,Oficina
331,11,5,2026,4,104,92,18.22,48.06,0.816,494.63,Edificio 4,Biblioteca
332,14,4,2026,2,102,28,23.57,59.75,0.857,257.67,Laboratorio Central,Aula
333,7,8,2026,2,122,75,29.32,58.51,0.928,407.93,Laboratorio Central,Oficina
334,7,8,2026,9,125,50,21.89,47.36,0.862,295.28,Edificio 9,Biblioteca
335,19,7,2026,5,136,54,25.93,62.14,0.853,433.59,Edificio 5,Auditorio
336,21,3,2026,4,123,24,25.83,34.34,0.835,282.63,Edificio 4,Aula
337,17,1,2026,10,148,12,21.01,39.7,0.895,257.83,Edificio 10,Aula
338,12,1,2026,1,118,20,25.81,61.46,0.852,327.1,Pabellón A,Auditorio
339,16,12,2026,7,150,62,20.55,44.36,0.939,423.35,Edificio 7,Auditorio
340,18,11,2026,3,124,55,19.46,67.28,0.815,407.6,Administrativo,Aula
341,8,3,2026,6,120,39,26.42,47.72,0.926,404.51,Edificio 6,Auditorio
342,11,6,2026,5,111,66,19.36,60.09,0.845,474.92,Edificio 5,Laboratorio
343,7,7,2026,5,156,27,29.96,45.29,0.893,332.08,Edificio 5,Biblioteca
344,13,6,2026,11,140,60,20.2,46.15,0.854,429.29,Edificio 11,Biblioteca
345,7,6,2026,5,132,57,25.13,44.55,0.937,408.57,Edificio 5,Biblioteca
346,10,6,2026,1,149,75,22.94,57.32,0.98,420.84,Pabellón A,Laboratorio
347,15,3,2026,1,152,17,19.52,50.81,0.974,314.32,Pabellón A,Auditorio
348,7,6,2026,3,103,31,18.33,65.86,0.911,301.76,Administrativo,Oficina
349,10,8,2026,12,141,15,25.47,39.53,0.888,314.63,Edificio 12,Auditorio
350,12,11,2026,10,156,85,27.68,33.82,0.955,512.62,Edificio 10,Aula
351,12,11,2026,4,106,66,28.1,44.94,0.93,457.78,Edificio 4,Administrativo
352,18,2,2026,5,121,45,23.79,53.44,0.835,305.37,Edificio 5,Biblioteca
353,21,5,2026,2,154,88,27.33,62.71,0.956,560.0,Laboratorio Central,Auditorio
354,19,1,2026,8,132,66,26.07,43.16,0.881,431.53,Edificio 8,Oficina
355,14,12,2026,11,116,58,26.69,54.84,0.836,477.29,Edificio 11,Aula
356,7,1,2026,11,123,54,23.91,43.31,0.854,393.84,Edificio 11,Laboratorio
357,13,5,2026,2,133,91,25.6,53.45,0.851,533.89,Laboratorio Central,Laboratorio
358,7,12,2026,9,127,75,27.67,63.62,0.899,534.27,Edificio 9,Oficina
359,19,3,2026,2,157,86,22.77,38.79,0.845,487.83,Laboratorio Central,Aula
360,20,4,2026,9,142,54,27.67,45.36,0.823,409.86,Edificio 9,Biblioteca
361,13,3,2026,7,140,88,25.1,67.74,0.824,560.0,Edificio 7,Auditorio
362,9,1,2026,8,138,29,19.99,63.01,0.911,357.99,Edificio 8,Aula
363,17,1,2026,11,121,73,18.3,51.46,0.94,470.42,Edificio 11,Laboratorio
364,14,12,2026,2,148,76,22.35,49.63,0.861,476.16,Laboratorio Central,Oficina
365,9,12,2026,7,116,92,24.56,40.81,0.807,546.76,Edificio 7,Oficina
366,20,5,2026,12,133,12,28.08,49.65,0.824,279.02,Edificio 12,Auditorio
367,20,6,2026,6,105,63,19.53,62.23,0.974,543.83,Edificio 6,Oficina
368,19,3,2026,4,145,87,27.6,56.04,0.894,560.0,Edificio 4,Oficina
369,7,12,2026,7,105,73,28.36,41.02,0.886,511.75,Edificio 7,Aula
370,19,9,2026,4,133,49,19.81,37.66,0.807,263.8,Edificio 4,Biblioteca
371,19,5,2026,2,100,68,28.22,40.08,0.938,486.13,Laboratorio Central,Auditorio
372,20,8,2026,10,109,64,29.9,36.45,0.9,432.05,Edificio 10,Aula
373,14,1,2026,12,120,71,26.72,33.63,0.838,404.02,Edificio 12,Biblioteca
374,9,5,2026,7,104,13,27.42,45.93,0.821,274.27,Edificio 7,Aula
375,8,3,2026,8,101,69,29.93,34.31,0.873,420.02,Edificio 8,Administrativo
376,7,12,2026,2,121,84,25.27,36.53,0.959,511.02,Laboratorio Central,Aula
377,20,1,2026,5,147,100,21.69,50.8,0.964,560.0,Edificio 5,Oficina
378,9,4,2026,1,156,39,28.05,36.25,0.915,394.72,Pabellón A,Biblioteca
379,21,5,2026,7,101,11,25.37,32.43,0.938,371.22,Edificio 7,Auditorio
380,8,7,2026,8,109,71,24.97,42.06,0.822,386.26,Edificio 8,Auditorio
381,8,1,2026,6,133,58,21.04,38.37,0.912,364.77,Edificio 6,Biblioteca
382,12,3,2026,5,115,18,27.08,49.58,0.927,269.72,Edificio 5,Oficina
383,18,2,2026,6,147,40,18.98,33.89,0.838,366.0,Edificio 6,Laboratorio
384,7,9,2026,2,150,70,29.09,58.57,0.967,496.67,Laboratorio Central,Aula
385,8,10,2026,1,138,88,21.91,64.44,0.837,548.56,Pabellón A,Oficina
386,20,6,2026,7,121,57,19.53,58.25,0.86,445.07,Edificio 7,Administrativo
387,12,10,2026,7,111,34,23.31,50.25,0.918,280.38,Edificio 7,Biblioteca
388,9,3,2026,10,123,45,18.51,62.71,0.921,354.01,Edificio 10,Aula
389,21,8,2026,11,146,17,26.22,56.41,0.933,363.2,Edificio 11,Auditorio
390,10,8,2026,10,139,82,28.83,30.4,0.821,462.69,Edificio 10,Laboratorio
391,7,2,2026,2,137,67,28.05,44.98,0.961,387.5,Laboratorio Central,Administrativo
392,14,6,2026,2,159,54,19.53,62.34,0.901,374.53,Laboratorio Central,Auditorio
393,19,7,2026,1,158,71,19.52,43.14,0.89,418.2,Pabellón A,Biblioteca
394,13,2,2026,10,109,48,27.76,31.34,0.986,382.58,Edificio 10,Aula
395,13,11,2026,8,134,67,29.09,58.35,0.941,493.36,Edificio 8,Biblioteca
396,9,10,2026,8,150,90,23.53,60.48,0.822,518.97,Edificio 8,Aula
397,16,2,2026,1,148,92,23.99,36.1,0.944,548.82,Pabellón A,Oficina
398,16,10,2026,12,131,73,21.82,50.42,0.818,457.73,Edificio 12,Laboratorio
399,9,1,2026,11,106,53,28.73,37.29,0.805,417.25,Edificio 11,Oficina
400,20,8,2026,8,120,38,25.74,57.33,0.877,359.72,Edificio 8,Oficina
401,8,1,2026,9,119,68,21.46,40.32,0.989,493.44,Edificio 9,Biblioteca
402,18,9,2026,4,125,80,21.59,42.02,0.833,450.37,Edificio 4,Laboratorio
403,7,11,2026,1,103,18,28.69,62.11,0.928,348.63,Pabellón A,Aula
404,13,6,2026,1,145,15,18.16,48.1,0.833,301.57,Pabellón A,Aula
405,13,7,2026,3,151,38,21.87,55.45,0.938,374.45,Administrativo,Administrativo
406,18,10,2026,5,121,67,24.65,45.29,0.896,459.71,Edificio 5,Auditorio
407,8,7,2026,5,114,26,19.78,41.32,0.929,195.93,Edificio 5,Administrativo
408,13,10,2026,9,155,25,19.11,53.77,0.839,333.72,Edificio 9,Administrativo
409,19,3,2026,10,139,96,27.78,35.88,0.942,540.36,Edificio 10,Aula
410,14,2,2026,12,120,12,28.73,44.17,0.989,314.76,Edificio 12,Biblioteca
411,7,9,2026,2,114,30,27.88,37.94,0.926,339.52,Laboratorio Central,Oficina
412,15,8,2026,2,121,73,28.79,56.44,0.894,485.27,Laboratorio Central,Oficina
413,13,12,2026,6,151,99,24.64,65.88,0.975,560.0,Edificio 6,Oficina
414,9,10,2026,9,127,45,27.75,67.83,0.803,447.33,Edificio 9,Laboratorio
415,14,7,2026,1,113,95,22.61,47.11,0.939,473.25,Pabellón A,Aula
416,13,9,2026,9,126,71,26.0,39.6,0.969,515.28,Edificio 9,Biblioteca
417,17,4,2026,9,140,51,29.87,46.83,0.812,361.84,Edificio 9,Laboratorio
418,21,4,2026,9,139,85,20.71,62.2,0.886,560.0,Edificio 9,Auditorio
419,19,1,2026,5,157,51,22.68,37.83,0.839,439.17,Edificio 5,Biblioteca
420,14,8,2026,9,127,70,23.76,66.18,0.908,445.38,Edificio 9,Administrativo
421,12,12,2026,11,125,22,19.66,42.99,0.923,269.16,Edificio 11,Biblioteca
422,15,3,2026,4,148,20,18.97,67.46,0.857,304.05,Edificio 4,Biblioteca
423,21,7,2026,2,101,63,27.96,61.87,0.887,477.45,Laboratorio Central,Oficina
424,11,12,2026,6,124,25,29.72,60.73,0.853,452.42,Edificio 6,Biblioteca
425,9,2,2026,4,155,17,22.86,42.08,0.87,223.6,Edificio 4,Administrativo
426,9,2,2026,6,102,68,19.05,30.33,0.83,379.71,Edificio 6,Administrativo
427,7,7,2026,3,107,66,18.79,44.52,0.968,481.84,Administrativo,Aula
428,18,6,2026,6,143,49,28.7,41.47,0.802,388.71,Edificio 6,Biblioteca
429,21,3,2026,2,132,68,23.57,31.42,0.968,376.18,Laboratorio Central,Oficina
430,14,9,2026,2,141,11,21.84,49.2,0.909,274.64,Laboratorio Central,Biblioteca
431,8,10,2026,9,151,85,23.72,45.32,0.863,537.49,Edificio 9,Auditorio
432,9,6,2026,7,134,19,21.82,54.11,0.937,280.44,Edificio 7,Auditorio
433,14,10,2026,3,105,53,23.87,53.61,0.896,441.12,Administrativo,Oficina
434,20,10,2026,11,138,20,28.31,34.59,0.895,232.78,Edificio 11,Aula
435,14,6,2026,1,151,88,25.11,67.12,0.821,501.94,Pabellón A,Aula
436,20,1,2026,8,122,89,26.34,37.1,0.874,490.9,Edificio 8,Administrativo
437,17,4,2026,6,124,90,22.38,46.92,0.846,540.29,Edificio 6,Administrativo
438,10,10,2026,7,158,99,26.86,48.55,0.803,560.0,Edificio 7,Laboratorio
439,10,6,2026,9,149,11,26.0,60.9,0.868,253.81,Edificio 9,Oficina
440,11,6,2026,5,142,59,19.43,33.77,0.817,406.09,Edificio 5,Biblioteca
441,12,11,2026,1,118,21,24.87,46.29,0.849,311.62,Pabellón A,Oficina
442,11,12,2026,12,104,99,21.08,53.88,0.818,510.4,Edificio 12,Laboratorio
443,20,5,2026,10,150,32,27.65,38.18,0.819,276.97,Edificio 10,Administrativo
444,21,1,2026,7,110,27,23.11,53.84,0.838,339.97,Edificio 7,Oficina
445,13,8,2026,5,155,71,29.94,65.1,0.99,560.0,Edificio 5,Oficina
446,8,5,2026,3,111,71,19.11,67.91,0.8,480.17,Administrativo,Administrativo
447,13,12,2026,12,109,47,27.36,31.23,0.921,327.59,Edificio 12,Laboratorio
448,16,12,2026,9,107,76,26.08,38.95,0.827,387.44,Edificio 9,Administrativo
449,13,12,2026,1,123,47,27.21,41.79,0.975,458.86,Pabellón A,Aula
450,7,5,2026,1,159,76,21.69,45.17,0.818,508.87,Pabellón A,Biblioteca
451,13,7,2026,1,127,70,23.9,39.21,0.981,455.51,Pabellón A,Administrativo
452,11,4,2026,3,140,10,27.56,37.73,0.916,331.77,Administrativo,Laboratorio
453,9,6,2026,12,135,54,20.79,66.27,0.8,439.37,Edificio 12,Auditorio
454,19,4,2026,6,136,37,20.71,64.9,0.97,347.85,Edificio 6,Aula
455,9,3,2026,10,120,30,24.61,31.79,0.899,327.61,Edificio 10,Auditorio
456,10,7,2026,11,107,22,24.28,42.87,0.85,260.2,Edificio 11,Administrativo
457,19,8,2026,3,154,36,21.39,45.4,0.946,288.15,Administrativo,Aula
458,18,4,2026,8,108,16,21.58,39.08,0.976,291.98,Edificio 8,Biblioteca
459,8,2,2026,10,146,31,21.33,53.9,0.892,372.16,Edificio 10,Administrativo
460,8,12,2026,2,114,83,27.26,54.33,0.86,473.24,Laboratorio Central,Biblioteca
461,7,10,2026,9,147,62,25.82,62.32,0.95,416.48,Edificio 9,Oficina
462,21,3,2026,3,145,88,27.99,58.15,0.93,537.82,Administrativo,Auditorio
463,11,1,2026,5,139,88,29.71,50.62,0.969,519.38,Edificio 5,Aula
464,10,8,2026,10,117,13,23.69,54.84,0.932,311.17,Edificio 10,Biblioteca
465,17,3,2026,8,141,32,18.8,40.41,0.846,299.38,Edificio 8,Laboratorio
466,16,12,2026,2,159,79,18.58,52.54,0.977,523.2,Laboratorio Central,Biblioteca
467,21,10,2026,6,119,97,21.55,48.59,0.82,549.61,Edificio 6,Laboratorio
468,8,7,2026,12,105,93,29.19,35.07,0.851,504.68,Edificio 12,Administrativo
469,9,10,2026,5,111,93,24.28,39.22,0.899,432.34,Edificio 5,Aula
470,13,5,2026,10,101,85,21.26,41.08,0.907,488.54,Edificio 10,Biblioteca
471,13,10,2026,9,106,42,22.79,65.12,0.803,321.63,Edificio 9,Biblioteca
472,18,5,2026,12,115,37,25.18,38.75,0.948,312.24,Edificio 12,Aula
473,10,7,2026,5,102,17,25.84,40.99,0.869,253.1,Edificio 5,Biblioteca
474,11,9,2026,2,144,10,19.85,44.04,0.877,216.45,Laboratorio Central,Laboratorio
475,11,12,2026,5,102,46,29.72,55.22,0.954,367.02,Edificio 5,Biblioteca
476,12,5,2026,12,126,72,24.54,34.49,0.872,409.44,Edificio 12,Auditorio
477,20,1,2026,4,149,31,19.63,66.25,0.809,401.42,Edificio 4,Administrativo
478,15,10,2026,11,142,79,28.72,62.89,0.834,560.0,Edificio 11,Oficina
479,8,10,2026,7,139,30,18.9,51.93,0.982,383.32,Edificio 7,Laboratorio
480,11,1,2026,6,137,44,28.89,55.61,0.813,416.93,Edificio 6,Auditorio
481,18,2,2026,2,132,88,29.96,30.63,0.867,524.86,Laboratorio Central,Administrativo
482,9,6,2026,12,127,14,26.41,42.88,0.896,334.84,Edificio 12,Aula
483,10,9,2026,11,100,69,27.25,60.24,0.894,431.35,Edificio 11,Laboratorio
484,16,8,2026,11,154,55,22.05,32.94,0.801,408.38,Edificio 11,Oficina
485,12,5,2026,5,107,59,29.3,40.73,0.895,495.37,Edificio 5,Administrativo
486,18,1,2026,7,136,57,24.36,52.24,0.873,388.68,Edificio 7,Oficina
487,14,7,2026,11,131,15,26.79,39.74,0.985,343.65,Edificio 11,Aula
488,7,5,2026,7,159,98,29.09,65.49,0.83,560.0,Edificio 7,Aula
489,16,6,2026,5,147,65,29.7,34.98,0.867,481.46,Edificio 5,Laboratorio
490,20,7,2026,12,142,68,28.0,60.3,0.88,524.95,Edificio 12,Biblioteca
491,14,3,2026,9,136,38,21.64,49.3,0.874,298.01,Edificio 9,Aula
492,17,12,2026,4,103,80,29.6,58.51,0.927,560.0,Edificio 4,Administrativo
493,20,10,2026,11,129,86,25.54,41.81,0.841,460.37,Edificio 11,Biblioteca
494,13,3,2026,3,105,27,29.17,49.55,0.842,367.99,Administrativo,Auditorio
495,7,5,2026,4,145,11,26.11,62.56,0.939,332.07,Edificio 4,Oficina
496,8,6,2026,5,153,17,21.69,47.74,0.895,130.0,Edificio 5,Biblioteca
497,9,9,2026,6,118,84,22.44,43.67,0.879,506.6,Edificio 6,Oficina
498,7,12,2026,3,131,63,24.61,50.37,0.832,560.0,Administrativo,Biblioteca
499,20,5,2026,2,108,47,27.48,57.26,0.836,328.19,Laboratorio Central,Auditorio
500,15,1,2026,4,111,57,21.82,46.86,0.802,402.79,Edificio 4,Aula
501,14,4,2026,5,110,36,24.96,65.68,0.817,303.74,Edificio 5,Auditorio
502,8,5,2026,4,145,29,22.15,41.21,0.906,265.73,Edificio 4,Aula
503,19,12,2026,11,154,21,27.79,48.07,0.969,235.45,Edificio 11,Aula
504,15,10,2026,12,115,52,23.6,58.76,0.855,429.1,Edificio 12,Oficina
505,13,10,2026,3,100,70,18.92,56.19,0.862,486.69,Administrativo,Administrativo
506,15,5,2026,8,144,40,19.99,62.82,0.822,392.03,Edificio 8,Auditorio
507,12,7,2026,10,154,100,18.73,67.88,0.874,527.55,Edificio 10,Biblioteca
508,12,4,2026,4,152,70,23.99,46.22,0.807,428.97,Edificio 4,Auditorio
509,17,1,2026,2,120,83,19.28,34.22,0.974,462.69,Laboratorio Central,Oficina
510,20,5,2026,2,129,76,19.37,31.16,0.928,381.92,Laboratorio Central,Aula
511,10,7,2026,1,112,100,29.29,57.62,0.988,541.89,Pabellón A,Oficina
512,16,10,2026,4,133,44,28.47,63.21,0.968,418.81,Edificio 4,Laboratorio
513,16,10,2026,10,103,24,23.43,38.39,0.89,248.22,Edificio 10,Laboratorio
514,19,6,2026,9,127,25,29.83,36.02,0.899,339.71,Edificio 9,Biblioteca
515,19,5,2026,11,137,22,18.0,32.36,0.836,303.56,Edificio 11,Oficina
516,8,4,2026,7,157,44,25.37,61.26,0.888,527.06,Edificio 7,Biblioteca
517,13,2,2026,12,130,84,25.4,41.83,0.972,514.67,Edificio 12,Biblioteca
518,11,4,2026,10,158,68,23.49,45.26,0.81,474.64,Edificio 10,Laboratorio
519,17,10,2026,7,154,30,22.76,49.1,0.964,301.03,Edificio 7,Biblioteca
520,12,10,2026,7,126,63,23.46,61.9,0.865,438.52,Edificio 7,Laboratorio
521,8,3,2026,8,104,84,22.98,54.73,0.971,560.0,Edificio 8,Aula
522,11,10,2026,1,124,39,26.77,53.37,0.979,372.96,Pabellón A,Oficina
523,16,1,2026,10,102,57,19.62,36.68,0.927,377.14,Edificio 10,Biblioteca
524,10,8,2026,10,132,44,20.37,49.5,0.926,416.68,Edificio 10,Laboratorio
525,15,5,2026,8,103,95,20.17,57.18,0.886,527.12,Edificio 8,Auditorio
526,12,4,2026,4,124,47,21.15,66.98,0.959,477.63,Edificio 4,Biblioteca
527,8,8,2026,4,119,40,24.3,37.65,0.983,370.59,Edificio 4,Administrativo
528,7,7,2026,4,133,87,19.33,30.36,0.947,476.26,Edificio 4,Aula
529,11,2,2026,6,125,33,28.42,32.86,0.918,304.25,Edificio 6,Aula
530,15,1,2026,7,104,58,21.57,44.28,0.915,424.92,Edificio 7,Auditorio
531,12,12,2026,6,134,41,19.95,61.18,0.961,354.0,Edificio 6,Laboratorio
532,16,11,2026,1,127,64,26.11,30.27,0.903,437.01,Pabellón A,Biblioteca
533,18,4,2026,12,128,88,18.46,47.36,0.953,484.04,Edificio 12,Laboratorio
534,13,8,2026,8,108,67,25.44,42.51,0.897,490.13,Edificio 8,Aula
535,11,12,2026,10,151,12,26.38,31.99,0.812,252.85,Edificio 10,Laboratorio
536,16,2,2026,11,137,89,20.58,47.11,0.873,560.0,Edificio 11,Aula
537,12,3,2026,7,149,78,18.5,39.68,0.884,429.06,Edificio 7,Laboratorio
538,11,12,2026,6,105,94,22.36,43.37,0.827,495.28,Edificio 6,Auditorio
539,17,1,2026,6,118,19,19.18,56.81,0.819,305.9,Edificio 6,Oficina
540,15,1,2026,5,159,92,19.4,49.82,0.902,559.54,Edificio 5,Auditorio
541,21,3,2026,6,143,34,21.05,34.74,0.816,351.68,Edificio 6,Auditorio
542,12,11,2026,12,156,77,21.55,66.53,0.858,514.72,Edificio 12,Oficina
543,17,5,2026,9,110,70,24.36,54.16,0.941,489.38,Edificio 9,Oficina
544,14,12,2026,10,101,38,26.14,59.1,0.983,405.82,Edificio 10,Biblioteca
545,8,3,2026,9,146,28,25.11,33.01,0.936,252.67,Edificio 9,Biblioteca
546,18,1,2026,10,143,52,19.78,31.79,0.989,394.96,Edificio 10,Auditorio
547,19,1,2026,8,143,75,20.07,30.74,0.933,365.23,Edificio 8,Auditorio
548,15,8,2026,10,108,83,28.55,37.17,0.856,454.27,Edificio 10,Aula
549,11,10,2026,9,120,70,24.7,45.75,0.928,461.48,Edificio 9,Aula
550,13,11,2026,10,123,52,28.44,65.56,0.933,445.33,Edificio 10,Biblioteca
551,16,12,2026,8,133,34,22.46,47.37,0.871,371.67,Edificio 8,Administrativo
552,19,12,2026,8,121,29,25.37,41.03,0.803,341.84,Edificio 8,Administrativo
553,7,2,2026,1,102,57,24.28,51.35,0.934,432.72,Pabellón A,Biblioteca
554,16,3,2026,10,111,92,21.83,34.25,0.804,441.4,Edificio 10,Aula
555,11,2,2026,11,127,96,23.64,53.16,0.92,552.92,Edificio 11,Aula
556,18,3,2026,5,129,33,24.03,51.6,0.831,346.59,Edificio 5,Administrativo
557,20,7,2026,4,125,20,20.41,60.1,0.907,316.25,Edificio 4,Laboratorio
558,16,1,2026,2,147,64,21.78,67.49,0.896,449.33,Laboratorio Central,Laboratorio
559,20,10,2026,8,120,37,27.5,39.53,0.803,378.49,Edificio 8,Aula
560,8,8,2026,3,127,78,28.99,49.37,0.869,497.69,Administrativo,Laboratorio
561,18,10,2026,4,155,72,22.32,64.54,0.914,510.39,Edificio 4,Oficina
562,12,10,2026,12,125,68,21.68,59.84,0.961,501.5,Edificio 12,Biblioteca
563,17,10,2026,7,132,14,20.34,48.52,0.969,239.48,Edificio 7,Biblioteca
564,7,2,2026,10,120,60,26.14,65.92,0.892,439.79,Edificio 10,Aula
565,9,3,2026,9,134,30,21.88,32.17,0.938,311.18,Edificio 9,Auditorio
566,11,9,2026,2,151,21,29.85,65.38,0.86,307.76,Laboratorio Central,Administrativo
567,10,7,2026,3,133,59,21.91,31.92,0.865,432.21,Administrativo,Aula
568,9,4,2026,4,140,13,22.73,50.8,0.837,277.34,Edificio 4,Laboratorio
569,16,10,2026,10,150,51,25.24,63.84,0.907,431.92,Edificio 10,Administrativo
570,19,5,2026,1,146,93,27.62,39.98,0.86,560.0,Pabellón A,Auditorio
571,11,2,2026,7,117,47,23.63,47.95,0.816,406.23,Edificio 7,Laboratorio
572,17,11,2026,2,157,34,23.07,42.32,0.93,329.08,Laboratorio Central,Oficina
573,14,8,2026,5,110,23,29.95,66.18,0.934,415.25,Edificio 5,Laboratorio
574,17,4,2026,1,156,84,18.13,61.3,0.868,471.79,Pabellón A,Oficina
575,10,9,2026,3,122,41,28.74,56.94,0.815,440.84,Administrativo,Administrativo
576,7,5,2026,12,147,20,19.79,52.33,0.881,239.07,Edificio 12,Oficina
577,17,9,2026,2,121,70,27.43,61.18,0.884,526.49,Laboratorio Central,Administrativo
578,13,4,2026,1,116,27,25.42,44.91,0.927,308.57,Pabellón A,Administrativo
579,14,10,2026,7,104,36,22.1,47.01,0.86,280.72,Edificio 7,Administrativo
580,9,5,2026,5,143,64,28.49,57.74,0.93,494.28,Edificio 5,Administrativo
581,12,9,2026,1,110,63,18.15,43.59,0.966,397.98,Pabellón A,Administrativo
582,8,8,2026,6,129,91,20.72,32.43,0.845,410.24,Edificio 6,Laboratorio
583,13,3,2026,5,114,96,24.8,32.82,0.986,421.73,Edificio 5,Administrativo
584,21,1,2026,3,126,84,22.22,34.38,0.873,461.81,Administrativo,Laboratorio
585,14,3,2026,12,134,30,25.32,63.05,0.851,441.52,Edificio 12,Administrativo
586,12,4,2026,7,132,53,18.29,47.94,0.88,391.38,Edificio 7,Oficina
587,12,2,2026,11,119,14,19.4,57.09,0.818,245.91,Edificio 11,Administrativo
588,11,1,2026,10,115,96,19.53,44.93,0.824,560.0,Edificio 10,Auditorio
589,14,7,2026,9,133,50,20.27,39.83,0.879,401.84,Edificio 9,Administrativo
590,7,8,2026,9,101,68,23.51,43.19,0.945,498.75,Edificio 9,Administrativo
591,16,7,2026,9,134,98,27.03,60.18,0.971,560.0,Edificio 9,Oficina
592,10,5,2026,2,139,63,28.87,53.76,0.926,513.34,Laboratorio Central,Biblioteca
593,21,12,2026,3,155,83,28.02,65.63,0.82,560.0,Administrativo,Oficina
594,10,1,2026,7,127,31,20.36,55.83,0.928,311.17,Edificio 7,Auditorio
595,9,7,2026,5,146,92,23.29,51.67,0.921,460.51,Edificio 5,Biblioteca
596,9,7,2026,2,138,74,20.39,53.19,0.953,441.68,Laboratorio Central,Aula
597,10,9,2026,3,105,73,21.17,65.81,0.957,540.79,Administrativo,Aula
598,17,3,2026,10,108,80,24.04,59.95,0.965,498.95,Edificio 10,Auditorio
599,7,9,2026,6,119,13,18.82,30.91,0.879,210.97,Edificio 6,Oficina
600,20,1,2026,7,159,74,20.62,50.3,0.933,408.04,Edificio 7,Laboratorio
601,17,1,2026,9,100,24,29.22,56.16,0.851,330.42,Edificio 9,Auditorio
602,19,4,2026,1,107,85,23.59,58.45,0.99,526.44,Pabellón A,Biblioteca
603,17,9,2026,11,154,31,23.34,38.1,0.833,334.27,Edificio 11,Biblioteca
604,8,6,2026,7,122,95,18.17,62.95,0.802,520.11,Edificio 7,Administrativo
605,15,11,2026,8,102,56,20.97,66.32,0.828,412.91,Edificio 8,Aula
606,16,3,2026,12,103,90,28.4,39.0,0.947,560.0,Edificio 12,Biblioteca
607,8,1,2026,3,157,55,19.98,63.54,0.885,437.62,Administrativo,Auditorio
608,11,4,2026,4,124,23,22.98,33.69,0.885,296.07,Edificio 4,Biblioteca
609,15,12,2026,10,146,59,18.17,32.12,0.981,432.66,Edificio 10,Auditorio
610,15,9,2026,6,137,29,23.74,34.91,0.975,278.59,Edificio 6,Laboratorio
611,14,3,2026,10,114,59,18.25,32.19,0.859,362.22,Edificio 10,Administrativo
612,7,12,2026,7,120,42,27.84,62.11,0.84,442.62,Edificio 7,Aula
613,7,9,2026,4,134,68,27.9,32.24,0.961,402.36,Edificio 4,Biblioteca
614,15,7,2026,8,156,52,27.45,40.32,0.972,414.6,Edificio 8,Auditorio
615,19,12,2026,5,152,88,21.4,33.94,0.903,477.48,Edificio 5,Oficina
616,17,4,2026,1,152,21,28.05,41.23,0.92,434.89,Pabellón A,Aula
617,14,3,2026,4,145,49,24.52,33.44,0.849,370.77,Edificio 4,Laboratorio
618,16,10,2026,3,151,29,22.49,55.38,0.952,388.07,Administrativo,Auditorio
619,15,5,2026,9,113,47,25.5,35.07,0.92,405.39,Edificio 9,Administrativo
620,13,5,2026,8,135,12,18.15,62.37,0.896,221.84,Edificio 8,Administrativo
621,9,3,2026,1,111,37,19.72,61.05,0.811,289.4,Pabellón A,Laboratorio
622,9,12,2026,11,116,65,26.91,30.52,0.974,434.71,Edificio 11,Laboratorio
623,8,9,2026,6,138,99,20.93,64.04,0.917,560.0,Edificio 6,Administrativo
624,11,4,2026,9,108,22,25.18,31.1,0.837,291.46,Edificio 9,Biblioteca
625,18,11,2026,7,134,86,22.62,39.11,0.915,490.07,Edificio 7,Biblioteca
626,18,5,2026,4,159,75,28.26,31.23,0.929,450.98,Edificio 4,Auditorio
627,9,4,2026,1,112,46,29.43,42.76,0.9,340.29,Pabellón A,Oficina
628,20,5,2026,12,114,58,28.6,49.53,0.936,404.44,Edificio 12,Auditorio
629,12,7,2026,2,117,75,21.25,60.27,0.91,413.79,Laboratorio Central,Oficina
630,8,9,2026,12,150,45,20.33,42.84,0.98,301.69,Edificio 12,Laboratorio
631,18,7,2026,5,132,63,23.69,56.81,0.81,430.0,Edificio 5,Aula
632,9,5,2026,12,105,35,18.09,37.13,0.82,331.63,Edificio 12,Auditorio
633,11,10,2026,11,158,84,18.31,58.52,0.833,477.36,Edificio 11,Auditorio
634,18,10,2026,5,126,81,24.64,38.97,0.931,491.84,Edificio 5,Oficina
635,17,7,2026,8,122,49,24.25,35.45,0.923,375.04,Edificio 8,Laboratorio
636,17,10,2026,6,158,52,29.93,37.05,0.969,432.61,Edificio 6,Laboratorio
637,7,5,2026,8,126,31,20.42,36.92,0.939,248.57,Edificio 8,Oficina
638,19,3,2026,2,133,29,21.1,49.49,0.897,364.94,Laboratorio Central,Laboratorio
639,7,7,2026,3,155,17,19.36,62.1,0.988,232.08,Administrativo,Administrativo
640,16,11,2026,6,145,38,29.01,33.02,0.851,332.54,Edificio 6,Biblioteca
641,15,11,2026,12,137,49,27.33,56.86,0.958,426.23,Edificio 12,Administrativo
642,13,2,2026,10,113,99,27.87,54.87,0.881,560.0,Edificio 10,Aula
643,7,12,2026,3,135,39,28.83,63.16,0.923,477.34,Administrativo,Auditorio
644,21,9,2026,6,152,90,24.3,39.28,0.938,542.62,Edificio 6,Aula
645,18,10,2026,6,107,93,23.41,47.1,0.92,560.0,Edificio 6,Auditorio
646,20,10,2026,2,134,64,21.96,65.18,0.827,427.65,Laboratorio Central,Biblioteca
647,14,12,2026,7,118,25,25.07,55.08,0.884,389.08,Edificio 7,Laboratorio
648,9,1,2026,12,129,55,23.45,44.77,0.907,448.63,Edificio 12,Administrativo
649,14,6,2026,2,113,71,23.42,34.99,0.961,326.45,Laboratorio Central,Oficina
650,21,7,2026,6,158,16,29.24,39.97,0.884,287.42,Edificio 6,Administrativo
651,11,8,2026,1,119,89,29.81,52.09,0.975,560.0,Pabellón A,Biblioteca
652,7,10,2026,3,148,54,27.56,57.29,0.884,421.99,Administrativo,Aula
653,13,9,2026,2,124,68,27.08,34.73,0.904,393.6,Laboratorio Central,Oficina
654,11,2,2026,7,139,65,26.17,52.78,0.951,559.55,Edificio 7,Laboratorio
655,12,11,2026,4,123,57,19.99,50.91,0.911,409.17,Edificio 4,Biblioteca
656,12,10,2026,8,113,36,18.71,49.53,0.982,334.04,Edificio 8,Oficina
657,14,2,2026,6,125,62,26.29,56.22,0.925,403.39,Edificio 6,Biblioteca
658,15,5,2026,12,137,96,26.75,61.82,0.899,557.03,Edificio 12,Biblioteca
659,8,5,2026,10,122,97,18.56,42.27,0.804,467.34,Edificio 10,Laboratorio
660,15,6,2026,4,121,82,29.14,63.78,0.879,560.0,Edificio 4,Auditorio
661,18,3,2026,5,147,44,19.09,36.1,0.857,351.16,Edificio 5,Oficina
662,21,8,2026,9,156,60,21.43,36.57,0.942,366.61,Edificio 9,Laboratorio
663,17,1,2026,7,118,93,26.07,40.14,0.84,553.45,Edificio 7,Biblioteca
664,16,6,2026,10,145,46,20.04,34.54,0.839,325.07,Edificio 10,Laboratorio
665,15,4,2026,9,150,90,18.66,38.75,0.836,489.35,Edificio 9,Auditorio
666,19,1,2026,7,102,66,21.97,34.04,0.824,419.47,Edificio 7,Administrativo
667,16,7,2026,12,141,17,27.19,61.23,0.859,351.72,Edificio 12,Oficina
668,21,9,2026,1,118,88,22.96,35.28,0.968,500.44,Pabellón A,Auditorio
669,16,4,2026,12,108,29,25.84,58.4,0.947,377.75,Edificio 12,Aula
670,13,4,2026,8,127,62,24.96,31.82,0.94,463.35,Edificio 8,Oficina
671,7,6,2026,4,119,21,18.27,66.04,0.951,339.46,Edificio 4,Auditorio
672,13,12,2026,3,144,58,29.86,57.02,0.851,453.78,Administrativo,Biblioteca
673,16,3,2026,7,106,26,18.5,30.26,0.969,251.81,Edificio 7,Oficina
674,11,12,2026,12,113,73,29.61,59.03,0.826,560.0,Edificio 12,Oficina
675,12,6,2026,3,108,51,24.6,49.54,0.864,410.34,Administrativo,Laboratorio
676,16,7,2026,8,158,38,29.56,59.62,0.911,391.81,Edificio 8,Biblioteca
677,13,11,2026,6,159,28,19.38,49.85,0.82,277.8,Edificio 6,Aula
678,20,10,2026,5,154,20,23.88,54.36,0.939,324.41,Edificio 5,Administrativo
679,21,10,2026,4,156,59,20.03,59.88,0.874,390.24,Edificio 4,Auditorio
680,11,3,2026,8,159,80,18.61,45.39,0.949,517.65,Edificio 8,Laboratorio
681,13,7,2026,8,118,67,25.41,30.1,0.894,374.95,Edificio 8,Auditorio
682,15,3,2026,12,146,43,20.49,62.3,0.834,451.16,Edificio 12,Aula
683,9,2,2026,1,151,29,25.05,44.47,0.94,314.15,Pabellón A,Aula
684,14,12,2026,9,113,59,19.35,48.85,0.848,354.8,Edificio 9,Oficina
685,8,10,2026,5,155,97,21.98,30.3,0.893,509.41,Edificio 5,Aula
686,17,4,2026,4,137,19,27.38,48.7,0.814,272.21,Edificio 4,Auditorio
687,13,12,2026,6,152,41,23.24,67.49,0.917,403.93,Edificio 6,Biblioteca
688,19,8,2026,6,135,61,25.53,40.57,0.927,398.0,Edificio 6,Biblioteca
689,8,9,2026,2,139,24,25.77,45.03,0.872,358.24,Laboratorio Central,Oficina
690,21,7,2026,8,116,93,28.13,56.11,0.981,560.0,Edificio 8,Administrativo
691,20,1,2026,7,129,12,21.9,60.96,0.966,236.34,Edificio 7,Auditorio
692,10,3,2026,1,108,46,26.25,45.86,0.935,363.3,Pabellón A,Auditorio
693,13,12,2026,5,132,49,29.54,41.77,0.936,439.76,Edificio 5,Aula
694,9,9,2026,12,155,81,26.76,65.64,0.848,560.0,Edificio 12,Auditorio
695,8,12,2026,6,151,49,23.88,55.73,0.925,405.62,Edificio 6,Laboratorio
696,17,1,2026,4,124,65,25.57,34.52,0.838,377.89,Edificio 4,Administrativo
697,16,9,2026,2,113,32,26.88,32.62,0.827,369.47,Laboratorio Central,Aula
698,13,8,2026,4,110,20,25.35,48.37,0.99,339.02,Edificio 4,Laboratorio
699,7,1,2026,1,152,73,18.2,38.36,0.918,480.11,Pabellón A,Oficina
700,20,6,2026,7,134,17,20.34,39.65,0.882,268.46,Edificio 7,Biblioteca
701,21,5,2026,2,140,65,27.73,63.35,0.855,469.92,Laboratorio Central,Oficina
702,14,6,2026,2,158,69,21.27,33.4,0.915,437.21,Laboratorio Central,Biblioteca
703,9,10,2026,9,113,19,26.78,57.18,0.809,343.74,Edificio 9,Oficina
704,18,12,2026,5,129,48,22.47,40.3,0.818,340.68,Edificio 5,Auditorio
705,18,5,2026,2,140,37,24.26,58.89,0.806,386.42,Laboratorio Central,Laboratorio
706,19,6,2026,11,103,58,18.82,57.45,0.895,405.82,Edificio 11,Biblioteca
707,8,5,2026,9,158,45,20.17,30.28,0.914,358.87,Edificio 9,Aula
708,9,11,2026,9,103,22,29.49,49.35,0.812,358.69,Edificio 9,Laboratorio
709,11,12,2026,1,127,45,28.68,35.29,0.937,330.66,Pabellón A,Aula
710,17,5,2026,11,107,35,25.83,62.92,0.844,335.13,Edificio 11,Laboratorio
711,14,4,2026,3,101,95,23.52,63.12,0.93,560.0,Administrativo,Laboratorio
712,16,3,2026,4,140,13,26.11,45.9,0.987,285.43,Edificio 4,Oficina
713,13,3,2026,7,145,91,25.42,46.89,0.931,560.0,Edificio 7,Biblioteca
714,13,4,2026,10,121,73,24.82,41.52,0.968,483.84,Edificio 10,Biblioteca
715,18,9,2026,4,140,47,18.71,57.23,0.98,444.05,Edificio 4,Laboratorio
716,13,2,2026,2,155,97,25.59,43.63,0.892,524.59,Laboratorio Central,Auditorio
717,21,9,2026,7,154,96,27.23,40.18,0.933,520.12,Edificio 7,Auditorio
718,14,1,2026,6,115,31,29.93,46.42,0.962,318.5,Edificio 6,Aula
719,7,1,2026,3,128,11,18.13,33.48,0.868,246.53,Administrativo,Aula
720,10,5,2026,6,148,40,26.76,58.37,0.85,399.52,Edificio 6,Oficina
721,19,6,2026,11,147,20,24.86,30.48,0.98,185.85,Edificio 11,Laboratorio
722,12,6,2026,6,129,55,23.21,54.49,0.938,430.13,Edificio 6,Aula
723,15,3,2026,12,111,71,19.53,36.95,0.842,430.72,Edificio 12,Aula
724,19,7,2026,5,134,78,22.91,38.83,0.885,455.31,Edificio 5,Administrativo
725,8,9,2026,4,110,73,22.25,54.15,0.951,486.5,Edificio 4,Laboratorio
726,7,11,2026,10,145,19,21.63,67.73,0.904,269.5,Edificio 10,Oficina
727,19,12,2026,12,149,49,26.77,59.55,0.923,503.6,Edificio 12,Aula
728,16,10,2026,1,120,33,26.41,38.58,0.943,351.92,Pabellón A,Oficina
729,18,8,2026,10,120,53,25.07,36.69,0.918,308.51,Edificio 10,Biblioteca
730,20,6,2026,6,104,69,29.26,62.92,0.903,512.67,Edificio 6,Oficina
731,8,12,2026,2,147,71,22.2,46.88,0.942,470.26,Laboratorio Central,Auditorio
732,13,8,2026,3,119,96,20.93,35.21,0.938,452.19,Administrativo,Auditorio
733,9,12,2026,8,136,26,25.87,62.76,0.92,382.08,Edificio 8,Oficina
734,16,5,2026,10,102,74,20.39,61.01,0.868,556.41,Edificio 10,Auditorio
735,8,8,2026,6,143,66,21.78,67.39,0.877,445.88,Edificio 6,Biblioteca
736,20,10,2026,3,132,64,20.7,64.57,0.984,476.72,Administrativo,Laboratorio
737,17,12,2026,7,152,62,18.83,62.37,0.821,446.68,Edificio 7,Auditorio
738,13,4,2026,4,108,65,27.93,32.0,0.851,475.22,Edificio 4,Auditorio
739,19,10,2026,9,108,18,21.05,33.97,0.894,245.89,Edificio 9,Oficina
740,19,8,2026,5,103,31,23.68,51.62,0.959,292.84,Edificio 5,Biblioteca
741,8,10,2026,3,134,22,18.52,50.2,0.831,324.09,Administrativo,Laboratorio
742,9,12,2026,2,116,98,26.39,47.4,0.853,515.02,Laboratorio Central,Oficina
743,17,2,2026,11,133,57,21.97,45.08,0.813,483.81,Edificio 11,Oficina
744,13,12,2026,2,123,27,26.94,46.39,0.934,359.11,Laboratorio Central,Administrativo
745,20,12,2026,3,131,85,22.95,51.63,0.845,483.06,Administrativo,Biblioteca
746,10,5,2026,2,100,49,20.35,30.08,0.874,388.6,Laboratorio Central,Laboratorio
747,19,9,2026,4,107,26,24.16,39.91,0.884,303.41,Edificio 4,Biblioteca
748,20,4,2026,2,144,24,19.57,49.69,0.969,284.07,Laboratorio Central,Laboratorio
749,7,11,2026,10,122,24,23.29,57.44,0.878,297.49,Edificio 10,Biblioteca
750,19,6,2026,9,146,88,21.81,36.62,0.828,399.37,Edificio 9,Oficina
751,20,1,2026,2,139,72,28.94,50.78,0.9,523.86,Laboratorio Central,Oficina
752,11,9,2026,9,111,48,18.73,57.15,0.983,308.28,Edificio 9,Aula
753,18,1,2026,6,153,22,26.33,46.9,0.915,280.15,Edificio 6,Auditorio
754,15,5,2026,1,111,90,20.19,31.03,0.987,490.49,Pabellón A,Administrativo
755,14,4,2026,4,145,41,21.83,47.07,0.96,331.96,Edificio 4,Biblioteca
756,18,12,2026,1,146,18,22.99,41.26,0.807,282.14,Pabellón A,Administrativo
757,21,3,2026,6,114,49,28.9,65.33,0.925,397.34,Edificio 6,Aula
758,15,6,2026,4,140,29,20.91,34.74,0.854,271.15,Edificio 4,Auditorio
759,16,2,2026,3,118,99,19.1,54.79,0.906,549.23,Administrativo,Biblioteca
760,20,3,2026,3,125,100,21.82,32.0,0.853,470.28,Administrativo,Laboratorio
761,15,5,2026,9,151,94,19.26,46.95,0.866,560.0,Edificio 9,Auditorio
762,21,9,2026,6,128,91,19.54,51.05,0.975,482.32,Edificio 6,Oficina
763,13,2,2026,9,121,86,24.89,41.32,0.839,560.0,Edificio 9,Aula
764,10,10,2026,5,139,89,18.73,47.29,0.966,485.48,Edificio 5,Auditorio
765,11,8,2026,2,120,82,18.37,36.22,0.806,376.11,Laboratorio Central,Auditorio
766,7,2,2026,8,150,72,26.57,41.56,0.817,415.21,Edificio 8,Oficina
767,20,11,2026,5,137,85,22.34,53.6,0.962,518.82,Edificio 5,Biblioteca
768,7,5,2026,2,119,53,19.5,41.47,0.92,416.51,Laboratorio Central,Laboratorio
769,9,7,2026,4,156,47,21.04,64.19,0.942,483.62,Edificio 4,Oficina
770,19,8,2026,9,128,92,25.71,53.88,0.84,556.48,Edificio 9,Laboratorio
771,20,1,2026,4,150,69,21.31,46.67,0.902,387.71,Edificio 4,Biblioteca
772,14,6,2026,12,103,80,23.93,31.47,0.94,471.12,Edificio 12,Auditorio
773,20,1,2026,12,154,57,19.46,48.98,0.919,360.53,Edificio 12,Laboratorio
774,8,2,2026,12,106,27,25.06,59.06,0.89,367.47,Edificio 12,Aula
775,10,1,2026,4,127,25,21.79,40.09,0.982,246.76,Edificio 4,Aula
776,8,11,2026,2,127,64,25.52,60.66,0.928,379.69,Laboratorio Central,Oficina
777,20,5,2026,12,103,48,27.7,39.57,0.972,450.5,Edificio 12,Biblioteca
778,11,10,2026,6,121,77,25.34,61.3,0.939,505.51,Edificio 6,Oficina
779,15,9,2026,11,111,68,21.55,33.24,0.94,414.06,Edificio 11,Oficina
780,7,6,2026,2,144,98,21.07,62.91,0.815,560.0,Laboratorio Central,Administrativo
781,11,11,2026,12,102,71,21.93,48.97,0.868,539.34,Edificio 12,Oficina
782,20,11,2026,7,121,22,19.98,41.27,0.963,305.24,Edificio 7,Administrativo
783,21,1,2026,3,143,90,20.17,40.07,0.844,493.63,Administrativo,Aula
784,15,1,2026,3,101,15,27.49,46.42,0.822,319.12,Administrativo,Aula
785,21,2,2026,5,123,92,22.62,67.96,0.862,550.15,Edificio 5,Oficina
786,7,9,2026,3,133,86,23.23,38.37,0.842,489.72,Administrativo,Aula
787,15,3,2026,2,126,69,25.13,33.92,0.976,440.81,Laboratorio Central,Biblioteca
788,14,1,2026,10,154,99,25.08,52.23,0.965,531.26,Edificio 10,Administrativo
789,10,5,2026,9,140,23,18.81,48.56,0.895,285.72,Edificio 9,Administrativo
790,18,7,2026,2,100,63,27.98,49.92,0.812,477.86,Laboratorio Central,Oficina
791,17,6,2026,11,107,13,20.13,55.34,0.936,296.2,Edificio 11,Aula
792,16,12,2026,2,122,48,26.68,40.15,0.918,406.98,Laboratorio Central,Laboratorio
793,11,1,2026,8,137,81,27.27,64.61,0.984,484.51,Edificio 8,Administrativo
794,19,5,2026,9,105,34,26.58,46.56,0.906,410.14,Edificio 9,Oficina
795,11,5,2026,7,121,86,24.95,34.91,0.864,541.35,Edificio 7,Oficina
796,17,6,2026,3,124,41,18.18,58.21,0.899,354.19,Administrativo,Biblioteca
797,18,3,2026,9,117,68,22.32,54.44,0.986,478.58,Edificio 9,Auditorio
798,12,5,2026,3,116,72,25.26,42.0,0.932,450.96,Administrativo,Auditorio
799,13,7,2026,5,111,47,22.65,53.62,0.928,424.73,Edificio 5,Administrativo
800,14,5,2026,9,105,62,28.36,38.35,0.846,400.26,Edificio 9,Biblioteca
801,21,5,2026,12,125,76,21.71,46.9,0.941,525.96,Edificio 12,Biblioteca
802,20,5,2026,3,126,37,21.52,64.18,0.943,405.96,Administrativo,Biblioteca
803,14,10,2026,7,107,12,21.19,35.07,0.86,267.13,Edificio 7,Administrativo
804,17,10,2026,12,118,89,21.99,44.69,0.892,499.4,Edificio 12,Auditorio
805,20,3,2026,1,159,31,24.69,61.2,0.856,301.48,Pabellón A,Biblioteca
806,19,1,2026,4,141,47,26.48,66.84,0.849,476.26,Edificio 4,Aula
807,8,5,2026,4,100,81,25.95,47.25,0.805,441.37,Edificio 4,Oficina
808,15,9,2026,7,156,81,27.69,49.27,0.854,556.51,Edificio 7,Oficina
809,13,1,2026,8,128,71,28.63,51.74,0.905,459.08,Edificio 8,Laboratorio
810,10,3,2026,1,144,66,27.79,65.43,0.8,429.59,Pabellón A,Laboratorio
811,10,4,2026,5,148,15,18.23,62.61,0.854,284.41,Edificio 5,Administrativo
812,17,1,2026,7,134,87,26.83,36.48,0.967,558.74,Edificio 7,Administrativo
813,14,1,2026,12,139,41,20.5,46.6,0.913,303.45,Edificio 12,Oficina
814,10,8,2026,4,113,19,19.6,47.63,0.915,346.02,Edificio 4,Aula
815,19,2,2026,4,134,12,25.66,59.99,0.877,336.23,Edificio 4,Auditorio
816,21,12,2026,4,147,68,21.84,52.91,0.929,459.67,Edificio 4,Auditorio
817,12,8,2026,12,144,85,18.69,54.86,0.836,475.57,Edificio 12,Administrativo
818,11,7,2026,6,119,58,19.65,67.93,0.956,423.24,Edificio 6,Aula
819,9,10,2026,7,155,68,18.01,32.85,0.822,412.71,Edificio 7,Administrativo
820,19,10,2026,2,148,40,28.84,38.47,0.925,407.21,Laboratorio Central,Auditorio
821,20,2,2026,5,112,78,18.3,45.5,0.865,425.39,Edificio 5,Administrativo
822,16,6,2026,4,137,71,20.51,43.22,0.942,399.9,Edificio 4,Biblioteca
823,17,6,2026,3,148,61,23.0,30.82,0.904,382.22,Administrativo,Administrativo
824,8,3,2026,7,145,98,22.28,33.49,0.886,560.0,Edificio 7,Oficina
825,15,11,2026,11,148,50,28.94,55.88,0.832,381.7,Edificio 11,Administrativo
826,16,2,2026,12,107,40,18.48,63.41,0.921,418.63,Edificio 12,Oficina
827,15,12,2026,6,142,94,24.15,49.54,0.985,542.53,Edificio 6,Aula
828,7,1,2026,7,119,93,26.17,50.49,0.957,475.06,Edificio 7,Auditorio
829,16,6,2026,5,159,31,29.18,39.69,0.811,323.71,Edificio 5,Laboratorio
830,9,12,2026,6,132,13,25.44,59.18,0.871,334.6,Edificio 6,Laboratorio
831,14,5,2026,5,125,22,27.65,58.57,0.976,426.87,Edificio 5,Auditorio
832,12,11,2026,7,138,54,19.0,52.36,0.896,332.79,Edificio 7,Laboratorio
833,11,9,2026,2,120,51,22.63,38.08,0.926,245.65,Laboratorio Central,Administrativo
834,11,1,2026,11,152,58,22.49,33.69,0.973,326.5,Edificio 11,Aula
835,12,7,2026,5,148,29,28.64,32.44,0.966,371.75,Edificio 5,Aula
836,21,5,2026,6,141,86,19.82,52.52,0.895,418.62,Edificio 6,Auditorio
837,13,5,2026,6,142,90,19.82,61.35,0.883,560.0,Edificio 6,Laboratorio
838,7,2,2026,5,153,63,21.94,62.62,0.865,511.21,Edificio 5,Administrativo
839,15,11,2026,10,140,45,18.65,47.62,0.937,361.09,Edificio 10,Aula
840,9,3,2026,7,108,10,20.19,59.8,0.855,244.36,Edificio 7,Aula
841,10,7,2026,10,123,24,29.58,65.98,0.847,379.15,Edificio 10,Biblioteca
842,16,6,2026,8,136,86,23.14,40.46,0.868,519.32,Edificio 8,Biblioteca
843,7,12,2026,7,148,26,25.58,45.12,0.834,341.97,Edificio 7,Aula
844,19,2,2026,5,140,33,26.71,65.4,0.932,468.23,Edificio 5,Auditorio
845,17,6,2026,1,116,67,22.4,42.85,0.917,420.4,Pabellón A,Oficina
846,16,2,2026,5,123,81,19.77,64.73,0.892,448.97,Edificio 5,Oficina
847,9,2,2026,10,120,100,20.48,67.28,0.874,510.48,Edificio 10,Administrativo
848,8,2,2026,2,150,32,21.76,55.15,0.973,266.02,Laboratorio Central,Aula
849,8,11,2026,5,158,55,25.63,61.04,0.806,455.06,Edificio 5,Aula
850,20,3,2026,5,138,81,22.78,58.48,0.946,499.51,Edificio 5,Aula
851,7,2,2026,2,154,17,18.08,56.58,0.971,279.43,Laboratorio Central,Auditorio
852,14,4,2026,5,140,68,24.28,41.66,0.885,418.15,Edificio 5,Biblioteca
853,9,9,2026,4,138,99,29.06,32.17,0.905,496.48,Edificio 4,Aula
854,9,6,2026,1,112,68,27.74,43.04,0.979,490.03,Pabellón A,Aula
855,12,1,2026,3,110,22,27.9,55.34,0.84,229.74,Administrativo,Laboratorio
856,19,8,2026,1,145,48,27.54,33.9,0.899,343.03,Pabellón A,Auditorio
857,14,12,2026,12,118,37,21.88,30.45,0.89,344.09,Edificio 12,Administrativo
858,19,7,2026,11,110,98,27.18,35.31,0.849,499.58,Edificio 11,Aula
859,21,10,2026,5,112,70,19.72,57.2,0.956,474.63,Edificio 5,Laboratorio
860,15,3,2026,4,145,25,25.89,66.97,0.971,327.38,Edificio 4,Oficina
861,15,1,2026,7,144,11,25.7,67.36,0.949,297.91,Edificio 7,Administrativo
862,10,5,2026,5,100,91,18.31,48.77,0.837,526.16,Edificio 5,Aula
863,20,4,2026,10,139,26,27.46,63.04,0.816,309.08,Edificio 10,Aula
864,11,10,2026,4,143,39,28.84,58.0,0.915,438.54,Edificio 4,Laboratorio
865,8,8,2026,2,118,22,21.21,49.04,0.811,296.6,Laboratorio Central,Auditorio
866,17,1,2026,4,111,91,27.75,51.76,0.928,560.0,Edificio 4,Aula
867,15,10,2026,12,107,22,18.99,35.21,0.901,265.14,Edificio 12,Oficina
868,14,1,2026,2,107,52,25.2,65.63,0.926,395.53,Laboratorio Central,Aula
869,9,12,2026,8,152,94,23.83,43.37,0.912,560.0,Edificio 8,Oficina
870,17,4,2026,3,144,30,24.55,46.95,0.88,288.28,Administrativo,Administrativo
871,18,8,2026,9,111,64,29.11,55.52,0.838,471.17,Edificio 9,Administrativo
872,19,5,2026,4,147,90,28.46,42.69,0.858,560.0,Edificio 4,Biblioteca
873,15,2,2026,6,132,49,27.42,39.66,0.9,308.62,Edificio 6,Biblioteca
874,9,6,2026,10,144,92,21.28,53.98,0.924,560.0,Edificio 10,Oficina
875,15,5,2026,5,125,24,28.94,30.95,0.948,251.61,Edificio 5,Auditorio
876,8,2,2026,10,138,82,19.17,57.39,0.946,472.56,Edificio 10,Aula
877,18,11,2026,1,127,61,28.24,49.53,0.985,468.46,Pabellón A,Aula
878,16,11,2026,9,157,83,21.94,53.02,0.854,499.46,Edificio 9,Biblioteca
879,15,11,2026,1,104,62,18.65,54.01,0.814,455.18,Pabellón A,Oficina
880,21,3,2026,8,107,96,26.03,50.03,0.866,485.37,Edificio 8,Aula
881,14,9,2026,9,124,61,20.78,52.14,0.941,456.12,Edificio 9,Aula
882,15,7,2026,9,126,39,20.92,55.98,0.883,397.69,Edificio 9,Auditorio
883,11,7,2026,1,145,42,21.67,58.62,0.955,426.31,Pabellón A,Laboratorio
884,17,11,2026,2,122,66,18.76,57.64,0.904,368.75,Laboratorio Central,Biblioteca
885,17,6,2026,12,129,61,20.13,63.05,0.977,375.85,Edificio 12,Biblioteca
886,8,8,2026,1,144,18,18.06,37.2,0.98,226.89,Pabellón A,Laboratorio
887,14,4,2026,10,146,63,23.34,45.24,0.813,367.54,Edificio 10,Aula
888,18,8,2026,2,122,10,19.01,66.02,0.887,197.91,Laboratorio Central,Auditorio
889,21,4,2026,10,148,53,26.19,45.07,0.916,393.34,Edificio 10,Auditorio
890,12,8,2026,12,146,84,20.83,34.75,0.849,472.98,Edificio 12,Biblioteca
891,14,9,2026,8,119,89,29.32,49.97,0.877,560.0,Edificio 8,Auditorio
892,17,3,2026,5,117,18,28.46,34.16,0.929,312.91,Edificio 5,Administrativo
893,11,3,2026,12,117,41,21.47,37.71,0.843,412.82,Edificio 12,Laboratorio
894,16,11,2026,11,101,24,27.4,67.94,0.914,367.69,Edificio 11,Aula
895,8,2,2026,7,103,21,27.64,50.57,0.933,351.72,Edificio 7,Administrativo
896,12,10,2026,2,129,87,29.84,40.79,0.817,522.6,Laboratorio Central,Laboratorio
897,11,3,2026,8,132,66,25.17,67.8,0.895,560.0,Edificio 8,Oficina
898,18,3,2026,11,135,17,18.98,66.73,0.85,271.91,Edificio 11,Biblioteca
899,19,5,2026,6,117,81,25.76,46.75,0.938,476.75,Edificio 6,Auditorio
900,18,5,2026,8,136,36,25.5,39.9,0.836,378.34,Edificio 8,Oficina
901,11,2,2026,1,118,71,25.66,61.86,0.97,508.56,Pabellón A,Auditorio
902,19,12,2026,1,146,21,21.69,57.19,0.882,290.94,Pabellón A,Administrativo
903,7,10,2026,12,127,74,28.32,56.1,0.838,553.82,Edificio 12,Aula
904,8,6,2026,7,139,51,29.51,63.94,0.883,456.78,Edificio 7,Aula
905,14,5,2026,8,119,71,20.61,56.2,0.878,460.48,Edificio 8,Aula
906,19,6,2026,3,148,20,19.06,40.78,0.881,271.24,Administrativo,Auditorio
907,20,1,2026,5,132,52,20.33,56.37,0.911,322.75,Edificio 5,Oficina
908,19,5,2026,12,111,26,27.85,41.62,0.899,253.99,Edificio 12,Aula
909,9,9,2026,1,157,41,26.12,58.85,0.828,448.41,Pabellón A,Oficina
910,16,12,2026,7,150,94,25.63,53.55,0.812,525.59,Edificio 7,Auditorio
911,9,10,2026,5,114,94,22.82,32.94,0.939,494.8,Edificio 5,Administrativo
912,14,2,2026,8,140,49,24.93,49.49,0.906,472.99,Edificio 8,Oficina
913,14,1,2026,8,138,32,21.69,43.05,0.868,313.0,Edificio 8,Administrativo
914,8,10,2026,9,101,65,23.73,42.49,0.954,422.18,Edificio 9,Auditorio
915,14,11,2026,7,128,15,27.52,52.89,0.874,351.7,Edificio 7,Auditorio
916,17,9,2026,11,140,95,29.77,42.25,0.951,530.43,Edificio 11,Biblioteca
917,19,10,2026,1,109,59,29.19,59.52,0.858,527.92,Pabellón A,Auditorio
918,19,9,2026,3,101,46,29.21,32.69,0.814,418.03,Administrativo,Auditorio
919,7,9,2026,8,150,73,22.83,55.09,0.977,560.0,Edificio 8,Laboratorio
920,12,6,2026,3,110,63,23.63,60.75,0.875,430.18,Administrativo,Aula
921,14,8,2026,8,112,81,26.47,55.57,0.951,560.0,Edificio 8,Biblioteca
922,9,11,2026,1,109,58,29.07,48.89,0.853,473.66,Pabellón A,Biblioteca
923,14,1,2026,5,113,20,19.7,66.11,0.923,255.08,Edificio 5,Biblioteca
924,18,10,2026,4,117,97,21.65,41.4,0.966,404.62,Edificio 4,Laboratorio
925,7,4,2026,5,150,58,19.67,30.73,0.808,329.5,Edificio 5,Administrativo
926,17,1,2026,8,153,30,25.34,46.42,0.958,348.7,Edificio 8,Auditorio
927,17,8,2026,10,108,75,21.68,31.25,0.909,450.58,Edificio 10,Aula
928,15,1,2026,4,156,72,21.91,66.25,0.915,489.79,Edificio 4,Oficina
929,19,3,2026,11,138,92,18.85,37.98,0.899,482.35,Edificio 11,Administrativo
930,17,4,2026,4,127,37,22.2,59.98,0.966,363.69,Edificio 4,Auditorio
931,19,8,2026,3,102,26,28.35,59.43,0.808,410.21,Administrativo,Laboratorio
932,15,6,2026,7,119,15,20.8,38.27,0.85,183.91,Edificio 7,Auditorio
933,11,10,2026,3,105,28,26.34,53.61,0.966,360.59,Administrativo,Auditorio
934,16,12,2026,12,126,65,25.56,31.83,0.943,382.44,Edificio 12,Laboratorio
935,10,7,2026,3,152,37,28.36,48.38,0.803,336.17,Administrativo,Biblioteca
936,21,8,2026,11,101,75,19.59,30.56,0.898,472.0,Edificio 11,Biblioteca
937,17,2,2026,10,128,47,29.73,65.0,0.901,404.8,Edificio 10,Aula
938,12,10,2026,5,137,46,24.99,67.09,0.876,420.05,Edificio 5,Aula
939,18,11,2026,5,102,77,29.95,38.45,0.857,560.0,Edificio 5,Biblioteca
940,13,8,2026,6,115,95,28.94,37.91,0.93,560.0,Edificio 6,Administrativo
941,11,3,2026,8,129,99,20.66,58.64,0.839,536.91,Edificio 8,Oficina
942,17,7,2026,10,139,58,18.67,39.63,0.952,361.45,Edificio 10,Auditorio
943,19,3,2026,6,101,52,21.07,64.01,0.953,364.55,Edificio 6,Oficina
944,16,7,2026,12,116,45,24.33,51.81,0.879,447.8,Edificio 12,Auditorio
945,15,11,2026,1,140,67,20.06,43.33,0.854,466.87,Pabellón A,Biblioteca
946,9,12,2026,8,111,22,20.01,61.64,0.854,344.63,Edificio 8,Aula
947,21,2,2026,8,134,61,23.55,48.75,0.892,466.31,Edificio 8,Administrativo
948,13,10,2026,9,142,67,18.4,64.64,0.937,420.83,Edificio 9,Aula
949,16,6,2026,9,100,41,19.46,65.26,0.868,309.36,Edificio 9,Oficina
950,16,3,2026,2,154,90,22.99,36.29,0.916,520.75,Laboratorio Central,Aula
951,17,3,2026,2,144,69,18.76,30.09,0.873,434.77,Laboratorio Central,Biblioteca
952,11,9,2026,3,114,92,22.76,67.39,0.858,560.0,Administrativo,Administrativo
953,20,7,2026,1,125,67,23.69,64.43,0.805,472.67,Pabellón A,Oficina
954,13,5,2026,4,136,65,23.42,32.11,0.801,393.72,Edificio 4,Administrativo
955,21,12,2026,4,120,37,28.43,61.66,0.843,393.1,Edificio 4,Auditorio
956,8,10,2026,9,148,10,24.36,47.4,0.877,298.78,Edificio 9,Aula
957,10,7,2026,9,130,51,23.62,39.84,0.962,368.29,Edificio 9,Administrativo
958,8,9,2026,9,124,91,22.93,63.39,0.952,550.28,Edificio 9,Laboratorio
959,20,1,2026,10,122,57,27.81,37.47,0.851,453.79,Edificio 10,Aula
960,19,7,2026,7,123,49,28.74,66.0,0.846,424.34,Edificio 7,Auditorio
961,19,6,2026,2,156,72,28.24,37.81,0.843,529.82,Laboratorio Central,Administrativo
962,18,10,2026,10,137,85,26.08,53.32,0.864,557.53,Edificio 10,Oficina
963,13,12,2026,5,127,81,19.65,38.48,0.895,370.82,Edificio 5,Auditorio
964,8,9,2026,4,120,97,21.32,50.74,0.883,515.29,Edificio 4,Laboratorio
965,19,1,2026,12,153,89,18.55,55.99,0.841,418.43,Edificio 12,Administrativo
966,20,4,2026,11,142,13,29.17,37.23,0.825,273.06,Edificio 11,Biblioteca
967,17,9,2026,8,117,47,25.93,49.79,0.802,377.21,Edificio 8,Aula
968,7,4,2026,2,135,36,26.96,47.82,0.829,403.21,Laboratorio Central,Oficina
969,15,10,2026,6,134,18,21.74,32.7,0.934,212.05,Edificio 6,Biblioteca
970,7,3,2026,5,144,25,28.15,61.1,0.846,380.4,Edificio 5,Administrativo
971,14,9,2026,12,154,65,21.12,42.76,0.889,444.72,Edificio 12,Administrativo
972,21,2,2026,2,108,85,18.02,51.83,0.912,497.33,Laboratorio Central,Auditorio
973,8,4,2026,11,152,40,22.52,49.56,0.968,411.03,Edificio 11,Administrativo
974,18,6,2026,10,137,97,24.85,49.5,0.969,560.0,Edificio 10,Oficina
975,14,2,2026,1,157,23,23.74,34.07,0.942,285.48,Pabellón A,Biblioteca
976,19,8,2026,8,129,34,28.34,46.09,0.807,380.91,Edificio 8,Oficina
977,9,8,2026,2,159,43,19.26,47.19,0.909,308.67,Laboratorio Central,Laboratorio
978,12,1,2026,7,143,76,24.65,57.88,0.949,456.33,Edificio 7,Laboratorio
979,9,12,2026,9,133,33,24.16,61.92,0.803,416.76,Edificio 9,Aula
980,20,3,2026,9,131,82,21.38,50.71,0.904,531.29,Edificio 9,Aula
981,13,10,2026,8,102,35,27.87,33.3,0.963,291.62,Edificio 8,Laboratorio
982,16,9,2026,11,102,29,27.03,39.0,0.89,267.08,Edificio 11,Administrativo
983,15,5,2026,12,127,73,26.79,36.27,0.801,430.9,Edificio 12,Oficina
984,8,6,2026,10,143,19,28.51,34.74,0.802,286.47,Edificio 10,Laboratorio
985,21,4,2026,9,114,92,26.67,43.9,0.879,517.14,Edificio 9,Aula
986,18,10,2026,2,140,76,20.78,38.72,0.829,451.76,Laboratorio Central,Laboratorio
987,18,2,2026,6,122,33,26.47,38.3,0.926,375.82,Edificio 6,Administrativo
988,21,11,2026,4,139,14,21.69,32.08,0.935,258.2,Edificio 4,Laboratorio
989,20,8,2026,4,110,76,20.91,30.67,0.834,453.22,Edificio 4,Oficina
990,11,11,2026,5,147,67,18.88,33.91,0.969,286.3,Edificio 5,Biblioteca
991,19,6,2026,12,131,36,26.93,36.54,0.884,270.3,Edificio 12,Administrativo
992,12,5,2026,3,157,89,26.53,46.38,0.827,494.37,Administrativo,Aula
993,10,9,2026,1,158,24,20.81,49.4,0.945,271.24,Pabellón A,Oficina
994,10,1,2026,8,156,44,26.99,35.34,0.95,404.22,Edificio 8,Laboratorio
995,10,5,2026,5,153,85,29.01,46.14,0.921,489.78,Edificio 5,Laboratorio
996,8,6,2026,3,135,62,19.3,42.99,0.962,430.89,Administrativo,Biblioteca
997,10,5,2026,10,159,53,20.79,36.97,0.94,332.16,Edificio 10,Aula
998,17,6,2026,7,132,35,27.0,30.26,0.968,273.48,Edificio 7,Aula
999,7,6,2026,7,123,56,21.29,47.75,0.882,349.2,Edificio 7,Auditorio
1000,18,7,2026,1,138,43,25.5,56.05,0.942,498.82,Pabellón A,Aula
